---------------------------
DROP TABLE RESREC;
DROP TABLE HSECOLL;
DROP TABLE BREAKTIME;
DROP TABLE MRMSG;
DROP TABLE MSMSG;
DROP TABLE ARTICLE;
DROP TABLE NEWS;
DROP TABLE NEWS_TYPE;
DROP TABLE ANN;
DROP TABLE QA;
DROP TABLE QA_TYPE;
DROP TABLE PROMO;
DROP TABLE COUPON;
DROP TABLE ADVERTISEMENT;
DROP TABLE FOLLOW_RTR;
DROP TABLE REPORTPRODUCT;
DROP TABLE REPORTREALTOR;
DROP TABLE ORDER_DETAIL;
DROP TABLE PRODUCT_ORDER;
DROP TABLE PRDIMG;
DROP TABLE PRD_COLLECTION;
DROP TABLE PRODUCT;
DROP TABLE PRD_CATEGORY;
DROP TABLE EMPLOYEE_AUTH;
DROP TABLE EMPLOYEE;
DROP TABLE BK_FUNCTION;
DROP TABLE SELLER;
DROP TABLE REALTOR;
DROP TABLE MEMBER;

DROP SEQUENCE EMP_SEQ;
DROP SEQUENCE BKF_NO_SEQ;
DROP SEQUENCE RESR_SEQ;
DROP SEQUENCE SEQ_NEWS;
DROP SEQUENCE SEQ_ANN;
DROP SEQUENCE SEQ_QA;
DROP SEQUENCE SEQ_PRO;
DROP SEQUENCE SEQ_COU;

DROP SEQUENCE ADVERTISEMENT_SEQUANCE;
DROP SEQUENCE PRDIMG_SEQ;
DROP SEQUENCE MEM_SEQ;
DROP SEQUENCE RTR_SEQ;
DROP SEQUENCE SEQ_ART;
DROP SEQUENCE SLR_SEQ;
DROP SEQUENCE PRDT_CATE_SEQ;
DROP SEQUENCE PD_SEQ;
DROP SEQUENCE RP_SEQ;
DROP SEQUENCE RR_SEQ;
DROP SEQUENCE PDO_NO_SEQ;

----------- 會員 ---------------------
CREATE TABLE MEMBER (
MEM_NO         VARCHAR2(10) NOT NULL,
MEM_ID         VARCHAR2(40) NOT NULL,
MEM_PSW        VARCHAR2(40) NOT NULL,
MEM_NAME       VARCHAR2(12),
MEM_ADDR       VARCHAR2(100),
MEM_IMG	       BLOB,
MEM_GAME       NUMBER(10),
SEARCH_STATE   VARCHAR2(10),
LOCK_STATE     VARCHAR2(10),

CONSTRAINT MEMBER_PK PRIMARY KEY(MEM_NO) );

CREATE SEQUENCE MEM_SEQ 
INCREMENT BY 1 
START WITH 1 
NOCACHE;

INSERT INTO MEMBER (MEM_NO,MEM_ID,MEM_PSW,MEM_NAME,MEM_ADDR,MEM_GAME,SEARCH_STATE,LOCK_STATE) VALUES ('MB'||(LPAD(to_char(MEM_SEQ.NEXTVAL),8,'0')),'stevejobs@gmail.com','123456','賈伯斯','新北市萬里區一條路9號',1,'ON','ON');
INSERT INTO MEMBER (MEM_NO,MEM_ID,MEM_PSW,MEM_NAME,MEM_ADDR,MEM_GAME,SEARCH_STATE,LOCK_STATE) VALUES ('MB'||(LPAD(to_char(MEM_SEQ.NEXTVAL),8,'0')),'michaeljordan@gmail.com','123456','喬丹','台北市內湖區灌籃路168號',1,'ON','ON');
INSERT INTO MEMBER (MEM_NO,MEM_ID,MEM_PSW,MEM_NAME,MEM_ADDR,MEM_GAME,SEARCH_STATE,LOCK_STATE) VALUES ('MB'||(LPAD(to_char(MEM_SEQ.NEXTVAL),8,'0')),'meinagano@gmail.com','123456','永野芽郁','台北市大安區中大路8號',1,'ON','ON');
INSERT INTO MEMBER (MEM_NO,MEM_ID,MEM_PSW,MEM_NAME,MEM_ADDR,MEM_GAME,SEARCH_STATE,LOCK_STATE) VALUES ('MB'||(LPAD(to_char(MEM_SEQ.NEXTVAL),8,'0')),'billgates@gmail.com','123456','比爾蓋茲','桃園市中壢區中大路300號',1,'ON','ON');

-------------- 房仲 --------------
CREATE TABLE REALTOR (
RTR_NO          VARCHAR2(10) NOT NULL,
RTR_ID          VARCHAR2(40) NOT NULL,
RTR_PSW         VARCHAR2(40) NOT NULL,
RTR_NAME        VARCHAR2(40),
RTR_PHOTO       BLOB,
RTR_AREA        VARCHAR2(40),
RTR_INTRO       CLOB,
RTR_IDNO        VARCHAR2(10),
RE_NO           VARCHAR2(10),
RTR_STATE       VARCHAR2(10),
CONSTRAINT RTR_ESTATE_FK FOREIGN KEY(RE_NO) REFERENCES REALESTATE(RE_NO),
CONSTRAINT RTR_PK PRIMARY KEY(RTR_NO) );

CREATE SEQUENCE RTR_SEQ
INCREMENT BY 1
START WITH 1
NOCACHE;

INSERT INTO REALTOR(RTR_NO, RTR_ID, RTR_PSW, RTR_NAME, RTR_AREA, RTR_IDNO, RE_NO, RTR_STATE)
VALUES('RT'||(LPAD(TO_CHAR(RTR_SEQ.NEXTVAL),8,'0')), 'realtor001@gmail.com', '123456', '葦小寶', '北投區', 'A108064497', 'RE00000001', 'ON');
INSERT INTO REALTOR(RTR_NO, RTR_ID, RTR_PSW, RTR_NAME, RTR_AREA, RTR_IDNO, RE_NO, RTR_STATE)
VALUES('RT'||(LPAD(TO_CHAR(RTR_SEQ.NEXTVAL),8,'0')), 'realtor002@gmail.com', '123456', '王建民', '中正區', 'B123456789', 'RE00000002', 'ON');
INSERT INTO REALTOR(RTR_NO, RTR_ID, RTR_PSW, RTR_NAME, RTR_AREA, RTR_IDNO, RE_NO, RTR_STATE)
VALUES('RT'||(LPAD(TO_CHAR(RTR_SEQ.NEXTVAL),8,'0')), 'realtor003@gmail.com', '123456', '林志玲', '士林區', 'X298765432', 'RE00000002', 'ON');
INSERT INTO REALTOR(RTR_NO, RTR_ID, RTR_PSW, RTR_NAME, RTR_AREA, RTR_IDNO, RE_NO, RTR_STATE)
VALUES('RT'||(LPAD(TO_CHAR(RTR_SEQ.NEXTVAL),8,'0')), 'realtor004@gmail.com', '123456', '張三豐', '內湖區', 'D165432178', 'RE00000001', 'ON');
INSERT INTO REALTOR(RTR_NO, RTR_ID, RTR_PSW, RTR_NAME, RTR_AREA, RTR_IDNO, RE_NO, RTR_STATE)
VALUES('RT'||(LPAD(TO_CHAR(RTR_SEQ.NEXTVAL),8,'0')), 'realtor005@gmail.com', '123456', '林大偉', '大安區', 'C132165491', 'RE00000002', 'ON');
INSERT INTO REALTOR(RTR_NO, RTR_ID, RTR_PSW, RTR_NAME, RTR_AREA, RTR_IDNO, RE_NO, RTR_STATE)
VALUES('RT'||(LPAD(TO_CHAR(RTR_SEQ.NEXTVAL),8,'0')), 'realtor006@gmail.com', '123456', '李進財', '信義區', 'A198765432', 'RE00000001', 'ON');
INSERT INTO REALTOR(RTR_NO, RTR_ID, RTR_PSW, RTR_NAME, RTR_AREA, RTR_IDNO, RE_NO, RTR_STATE)
VALUES('RT'||(LPAD(TO_CHAR(RTR_SEQ.NEXTVAL),8,'0')), 'realtor007@gmail.com', '123456', '趙德助', '萬華區', 'H147258369', 'RE00000002', 'ON');
INSERT INTO REALTOR(RTR_NO, RTR_ID, RTR_PSW, RTR_NAME, RTR_AREA, RTR_IDNO, RE_NO, RTR_STATE)
VALUES('RT'||(LPAD(TO_CHAR(RTR_SEQ.NEXTVAL),8,'0')), 'realtor008@gmail.com', '123456', '張鈞甯', '中山區', 'X265432155', 'RE00000001', 'ON');
INSERT INTO REALTOR(RTR_NO, RTR_ID, RTR_PSW, RTR_NAME, RTR_AREA, RTR_IDNO, RE_NO, RTR_STATE)
VALUES('RT'||(LPAD(TO_CHAR(RTR_SEQ.NEXTVAL),8,'0')), 'realtor009@gmail.com', '123456', '王小明', '大同區', 'A123466593', 'RE00000002', 'ON');
INSERT INTO REALTOR(RTR_NO, RTR_ID, RTR_PSW, RTR_NAME, RTR_AREA, RTR_IDNO, RE_NO, RTR_STATE)
VALUES('RT'||(LPAD(TO_CHAR(RTR_SEQ.NEXTVAL),8,'0')), 'realtor010@gmail.com', '123456', '陳金鋒', '大安區', 'F136925874', 'RE00000003', 'ON');
INSERT INTO REALTOR(RTR_NO, RTR_ID, RTR_PSW, RTR_NAME, RTR_AREA, RTR_IDNO, RE_NO, RTR_STATE)
VALUES('RT'||(LPAD(TO_CHAR(RTR_SEQ.NEXTVAL),8,'0')), 'realtor011@gmail.com', '123456', '連天邊', '信義區', 'H118754326', 'RE00000001', 'ON');
INSERT INTO REALTOR(RTR_NO, RTR_ID, RTR_PSW, RTR_NAME, RTR_AREA, RTR_IDNO, RE_NO, RTR_STATE)
VALUES('RT'||(LPAD(TO_CHAR(RTR_SEQ.NEXTVAL),8,'0')), 'realtor012@gmail.com', '123456', '楊美麗', '中正區', 'B213456789', 'RE00000001', 'ON');


-------------- 廠商 --------------
CREATE TABLE SELLER (
SLR_NO           VARCHAR2(10) NOT NULL,
SLR_NAME         VARCHAR2(40),
SLR_TAXID        VARCHAR2(10),
SLR_ID           VARCHAR2(40) NOT NULL,
SLR_PSW          VARCHAR2(40) NOT NULL,
SLR_CONTACT      VARCHAR2(40),
SLR_PHONE        VARCHAR2(10),
SLR_STATE        VARCHAR2(10),
SLR_INTRO        CLOB,
CONSTRAINT SLR_PK PRIMARY KEY(SLR_NO) );

CREATE SEQUENCE SLR_SEQ
INCREMENT BY 1
START WITH 1
NOCACHE;

INSERT INTO SELLER(SLR_NO, SLR_NAME, SLR_TAXID, SLR_ID, SLR_PSW, SLR_CONTACT, SLR_PHONE, SLR_STATE, SLR_INTRO)
VALUES('SL'||(LPAD(TO_CHAR(SLR_SEQ.NEXTVAL),8,'0')), '宜家家居', '84309586', 'sales@ikea.com', '123456', '李協達', '84128869', 'ON', 'IKEA的願景是為大多數人創造更美好的生活，我們的產品與設計都遵守大眾化設計的五大要素：形式、功能、品質、永續發展及價格，讓每項產品擁有優良品質的同時，花小錢就能帶回家。');
INSERT INTO SELLER(SLR_NO, SLR_NAME, SLR_TAXID, SLR_ID, SLR_PSW, SLR_CONTACT, SLR_PHONE, SLR_STATE, SLR_INTRO)
VALUES('SL'||(LPAD(TO_CHAR(SLR_SEQ.NEXTVAL),8,'0')), '歐德傢俱', '70394175', 'sales@order.com', '123456', '陳國都', '0800033988', 'ON', '歐德傢俱連鎖事業在台服務超過20年，專心致力於室內設計與研發，設計生產來自於德國，義大利同步的德式廚櫃，提供機能與美學的現代傢俱，更在2011年創立了新品牌優渥實木，將北歐風的實木家具引進台灣。');
INSERT INTO SELLER(SLR_NO, SLR_NAME, SLR_TAXID, SLR_ID, SLR_PSW, SLR_CONTACT, SLR_PHONE, SLR_STATE, SLR_INTRO)
VALUES('SL'||(LPAD(TO_CHAR(SLR_SEQ.NEXTVAL),8,'0')), '特力和樂', '89390488', 'sales@hola.com.tw', '123456', '何湯雄', '87915566', 'ON', '家，是心之歸屬，實現所有愛家人的夢想家園，提倡「居家生活美學」是HOLA耕耘居家用品市場的期許，每個生活相處時刻，都是令人期待的歡欣雀躍，隨時為家補給最好的溫暖能量。');
INSERT INTO SELLER(SLR_NO, SLR_NAME, SLR_TAXID, SLR_ID, SLR_PSW, SLR_CONTACT, SLR_PHONE, SLR_STATE, SLR_INTRO)
VALUES('SL'||(LPAD(TO_CHAR(SLR_SEQ.NEXTVAL),8,'0')), '詩肯柚木', '89403884', 'sales@scanteak.com', '123456', '林福勤', '03-3180555', 'ON', '在詩肯柚木，我們力求家俱設計精美而又經久耐用。我們的創始靈感來自北歐丹麥，注重簡約的設計以及家俱的實用性。詩肯柚木一貫的理念，是要為繁忙的都市人營造一個舒適的居住空間。我們深信，擁有自然優美光澤和紋理的柚木，配搭簡約的家具設計，可為現代都市人打造出最完美的居家環境。');


-------------- 商品類別 --------------
CREATE TABLE PRD_CATEGORY (
CATE_NO      VARCHAR2(10) NOT NULL,
CATE_NAME    VARCHAR2(100) NOT NULL,
CONSTRAINT PRDT_CATE_PK PRIMARY KEY(CATE_NO) );

CREATE SEQUENCE PRDT_CATE_SEQ 
INCREMENT BY 1 
START WITH 1 
NOCACHE;

INSERT INTO PRD_CATEGORY VALUES ('PC'||(LPAD(TO_CHAR(PRDT_CATE_SEQ.NEXTVAL),8,'0')),'桌子');
INSERT INTO PRD_CATEGORY VALUES ('PC'||(LPAD(TO_CHAR(PRDT_CATE_SEQ.NEXTVAL),8,'0')),'椅子');
INSERT INTO PRD_CATEGORY VALUES ('PC'||(LPAD(TO_CHAR(PRDT_CATE_SEQ.NEXTVAL),8,'0')),'櫃子');


-------------- 商品 --------------
CREATE TABLE PRODUCT (
PRD_NO          VARCHAR2(10) NOT NULL,
SLR_NO          VARCHAR2(10) NOT NULL,
CATE_NO         VARCHAR2(10) NOT NULL,
PRD_NAME        VARCHAR2(100) NOT NULL,
PRD_DESC        CLOB,
PRD_STOCK       NUMBER(6),
PRD_PRICE       NUMBER(10) NOT NULL,
PRD_STATE       VARCHAR2(10) DEFAULT 'ON',
CONSTRAINT PRD_PK PRIMARY KEY(PRD_NO),
CONSTRAINT PRD_SL_FK FOREIGN KEY(SLR_NO) REFERENCES SELLER(SLR_NO),
CONSTRAINT PRD_CG_FK FOREIGN KEY(CATE_NO) REFERENCES PRD_CATEGORY(CATE_NO) );

CREATE SEQUENCE PD_SEQ
INCREMENT BY 1 
START WITH 1 
NOCACHE;

------ IKEA (SL00000001) 1~15 ---
INSERT INTO PRODUCT(PRD_NO,SLR_NO,CATE_NO,PRD_NAME,PRD_STOCK,PRD_PRICE) VALUES('PD'||(LPAD(TO_CHAR(PD_SEQ.NEXTVAL),8,'0')),'SL00000001','PC00000001','KLIMPEN桌子,灰/淺灰色',62,8780);
INSERT INTO PRODUCT(PRD_NO,SLR_NO,CATE_NO,PRD_NAME,PRD_STOCK,PRD_PRICE) VALUES('PD'||(LPAD(TO_CHAR(PD_SEQ.NEXTVAL),8,'0')),'SL00000001','PC00000001','LINNMON桌子,幾何圖案,藍/白色',73,3890);
INSERT INTO PRODUCT(PRD_NO,SLR_NO,CATE_NO,PRD_NAME,PRD_STOCK,PRD_PRICE) VALUES('PD'||(LPAD(TO_CHAR(PD_SEQ.NEXTVAL),8,'0')),'SL00000001','PC00000001','MALM 書桌/工作桌,/ 白色',87,3990);
INSERT INTO PRODUCT(PRD_NO,SLR_NO,CATE_NO,PRD_NAME,PRD_STOCK,PRD_PRICE) VALUES('PD'||(LPAD(TO_CHAR(PD_SEQ.NEXTVAL),8,'0')),'SL00000001','PC00000001','L型書桌/工作桌,棕色, 梣木',46,3990);
INSERT INTO PRODUCT(PRD_NO,SLR_NO,CATE_NO,PRD_NAME,PRD_STOCK,PRD_PRICE) VALUES('PD'||(LPAD(TO_CHAR(PD_SEQ.NEXTVAL),8,'0')),'SL00000001','PC00000001','Matteo馬緹歐魔術師機能工作',59,3580);
INSERT INTO PRODUCT(PRD_NO,SLR_NO,CATE_NO,PRD_NAME,PRD_STOCK,PRD_PRICE) VALUES('PD'||(LPAD(TO_CHAR(PD_SEQ.NEXTVAL),8,'0')),'SL00000001','PC00000002','EKEBOL三人座沙發,自然色',12,15900);
INSERT INTO PRODUCT(PRD_NO,SLR_NO,CATE_NO,PRD_NAME,PRD_STOCK,PRD_PRICE) VALUES('PD'||(LPAD(TO_CHAR(PD_SEQ.NEXTVAL),8,'0')),'SL00000001','PC00000002','EKTORP三人座沙發,深米',7,13900);
INSERT INTO PRODUCT(PRD_NO,SLR_NO,CATE_NO,PRD_NAME,PRD_STOCK,PRD_PRICE) VALUES('PD'||(LPAD(TO_CHAR(PD_SEQ.NEXTVAL),8,'0')),'SL00000001','PC00000002','LANGFJALL旋轉椅,米/色',28,4999);
INSERT INTO PRODUCT(PRD_NO,SLR_NO,CATE_NO,PRD_NAME,PRD_STOCK,PRD_PRICE) VALUES('PD'||(LPAD(TO_CHAR(PD_SEQ.NEXTVAL),8,'0')),'SL00000001','PC00000002','LANGFJALL旋轉椅,棕紅/白色',16,4999);
INSERT INTO PRODUCT(PRD_NO,SLR_NO,CATE_NO,PRD_NAME,PRD_STOCK,PRD_PRICE) VALUES('PD'||(LPAD(TO_CHAR(PD_SEQ.NEXTVAL),8,'0')),'SL00000001','PC00000002','MARKUS旋轉椅,黑色',15,4990);
INSERT INTO PRODUCT(PRD_NO,SLR_NO,CATE_NO,PRD_NAME,PRD_STOCK,PRD_PRICE) VALUES('PD'||(LPAD(TO_CHAR(PD_SEQ.NEXTVAL),8,'0')),'SL00000001','PC00000003','HURDAL寢具櫃,綠色',4,11900);
INSERT INTO PRODUCT(PRD_NO,SLR_NO,CATE_NO,PRD_NAME,PRD_STOCK,PRD_PRICE) VALUES('PD'||(LPAD(TO_CHAR(PD_SEQ.NEXTVAL),8,'0')),'SL00000001','PC00000003','KALLAX層架組,灰色,木紋',19,2695);
INSERT INTO PRODUCT(PRD_NO,SLR_NO,CATE_NO,PRD_NAME,PRD_STOCK,PRD_PRICE) VALUES('PD'||(LPAD(TO_CHAR(PD_SEQ.NEXTVAL),8,'0')),'SL00000001','PC00000003','KALLAX黑棕色層架組附門片',26,2895);
INSERT INTO PRODUCT(PRD_NO,SLR_NO,CATE_NO,PRD_NAME,PRD_STOCK,PRD_PRICE) VALUES('PD'||(LPAD(TO_CHAR(PD_SEQ.NEXTVAL),8,'0')),'SL00000001','PC00000003','LIXHULT收納組合,紅/藍色',23,11900);
INSERT INTO PRODUCT(PRD_NO,SLR_NO,CATE_NO,PRD_NAME,PRD_STOCK,PRD_PRICE) VALUES('PD'||(LPAD(TO_CHAR(PD_SEQ.NEXTVAL),8,'0')),'SL00000001','PC00000003','PAX衣櫃,染白橡木紋,白色玻璃',3,30600);

------ 歐德 (SL00000002) 16~21 ---
INSERT INTO PRODUCT(PRD_NO,SLR_NO,CATE_NO,PRD_NAME,PRD_STOCK,PRD_PRICE) VALUES('PD'||(LPAD(TO_CHAR(PD_SEQ.NEXTVAL),8,'0')),'SL00000002','PC00000001','Bernice-多功能旋轉桌(胡桃色)',21,8856);
INSERT INTO PRODUCT(PRD_NO,SLR_NO,CATE_NO,PRD_NAME,PRD_STOCK,PRD_PRICE) VALUES('PD'||(LPAD(TO_CHAR(PD_SEQ.NEXTVAL),8,'0')),'SL00000002','PC00000001','Cest Chic-樂讀機能桌櫃組',18,9800);
INSERT INTO PRODUCT(PRD_NO,SLR_NO,CATE_NO,PRD_NAME,PRD_STOCK,PRD_PRICE) VALUES('PD'||(LPAD(TO_CHAR(PD_SEQ.NEXTVAL),8,'0')),'SL00000002','PC00000002','GRONADAL籐製搖椅',39,7495);
INSERT INTO PRODUCT(PRD_NO,SLR_NO,CATE_NO,PRD_NAME,PRD_STOCK,PRD_PRICE) VALUES('PD'||(LPAD(TO_CHAR(PD_SEQ.NEXTVAL),8,'0')),'SL00000002','PC00000002','INGATORP餐椅,黑色/灰米色',46,3290);
INSERT INTO PRODUCT(PRD_NO,SLR_NO,CATE_NO,PRD_NAME,PRD_STOCK,PRD_PRICE) VALUES('PD'||(LPAD(TO_CHAR(PD_SEQ.NEXTVAL),8,'0')),'SL00000002','PC00000003','NEFLAS時間旅人電視收納櫃',12,4230);
INSERT INTO PRODUCT(PRD_NO,SLR_NO,CATE_NO,PRD_NAME,PRD_STOCK,PRD_PRICE) VALUES('PD'||(LPAD(TO_CHAR(PD_SEQ.NEXTVAL),8,'0')),'SL00000002','PC00000003','雅格雙抽雙門邊櫃',14,5640);

------ Hola (SL00000003) 22~27 ---
INSERT INTO PRODUCT(PRD_NO,SLR_NO,CATE_NO,PRD_NAME,PRD_STOCK,PRD_PRICE) VALUES('PD'||(LPAD(TO_CHAR(PD_SEQ.NEXTVAL),8,'0')),'SL00000003','PC00000001','Homelike小巧L型電腦桌-純白色',92,2399);
INSERT INTO PRODUCT(PRD_NO,SLR_NO,CATE_NO,PRD_NAME,PRD_STOCK,PRD_PRICE) VALUES('PD'||(LPAD(TO_CHAR(PD_SEQ.NEXTVAL),8,'0')),'SL00000003','PC00000001','歐登書櫃型複合式書桌',71,3999);
INSERT INTO PRODUCT(PRD_NO,SLR_NO,CATE_NO,PRD_NAME,PRD_STOCK,PRD_PRICE) VALUES('PD'||(LPAD(TO_CHAR(PD_SEQ.NEXTVAL),8,'0')),'SL00000003','PC00000002','Stuka斯圖卡復古牛皮鋁質小圓椅',47,11800);
INSERT INTO PRODUCT(PRD_NO,SLR_NO,CATE_NO,PRD_NAME,PRD_STOCK,PRD_PRICE) VALUES('PD'||(LPAD(TO_CHAR(PD_SEQ.NEXTVAL),8,'0')),'SL00000003','PC00000002','幸福時光-氣壓無段式調整沙發床椅',66,5990);
INSERT INTO PRODUCT(PRD_NO,SLR_NO,CATE_NO,PRD_NAME,PRD_STOCK,PRD_PRICE) VALUES('PD'||(LPAD(TO_CHAR(PD_SEQ.NEXTVAL),8,'0')),'SL00000003','PC00000003','JP Kagu日系薄型電視收納櫃-黑',25,10800);
INSERT INTO PRODUCT(PRD_NO,SLR_NO,CATE_NO,PRD_NAME,PRD_STOCK,PRD_PRICE) VALUES('PD'||(LPAD(TO_CHAR(PD_SEQ.NEXTVAL),8,'0')),'SL00000003','PC00000003','蒙德里安堆疊組合櫃',54,7290);

------ 詩肯柚木 (SL00000004) 28~33 ---
INSERT INTO PRODUCT(PRD_NO,SLR_NO,CATE_NO,PRD_NAME,PRD_STOCK,PRD_PRICE) VALUES('PD'||(LPAD(TO_CHAR(PD_SEQ.NEXTVAL),8,'0')),'SL00000004','PC00000001','PAHL書桌/工作桌,白/粉紅色',59,3390);
INSERT INTO PRODUCT(PRD_NO,SLR_NO,CATE_NO,PRD_NAME,PRD_STOCK,PRD_PRICE) VALUES('PD'||(LPAD(TO_CHAR(PD_SEQ.NEXTVAL),8,'0')),'SL00000004','PC00000001','PAHL書桌/工作桌,白/綠色',61,3390);
INSERT INTO PRODUCT(PRD_NO,SLR_NO,CATE_NO,PRD_NAME,PRD_STOCK,PRD_PRICE) VALUES('PD'||(LPAD(TO_CHAR(PD_SEQ.NEXTVAL),8,'0')),'SL00000004','PC00000002','SPORREN旋轉椅,白/淺藍色',23,1799);
INSERT INTO PRODUCT(PRD_NO,SLR_NO,CATE_NO,PRD_NAME,PRD_STOCK,PRD_PRICE) VALUES('PD'||(LPAD(TO_CHAR(PD_SEQ.NEXTVAL),8,'0')),'SL00000004','PC00000002','STRANDMON扶手椅,GILLHOV彩',38,7990);
INSERT INTO PRODUCT(PRD_NO,SLR_NO,CATE_NO,PRD_NAME,PRD_STOCK,PRD_PRICE) VALUES('PD'||(LPAD(TO_CHAR(PD_SEQ.NEXTVAL),8,'0')),'SL00000004','PC00000003','STUVA 衣櫃/衣櫥,白/藍色',10,5690);
INSERT INTO PRODUCT(PRD_NO,SLR_NO,CATE_NO,PRD_NAME,PRD_STOCK,PRD_PRICE) VALUES('PD'||(LPAD(TO_CHAR(PD_SEQ.NEXTVAL),8,'0')),'SL00000004','PC00000003','STUVA 衣櫃/衣櫥,白/粉紅色',14,5690);

------ 詩肯柚木 (SL00000004) 被檢舉用 34 ~ 36
INSERT INTO PRODUCT(PRD_NO,SLR_NO,CATE_NO,PRD_NAME,PRD_DESC,PRD_STOCK,PRD_PRICE) VALUES('PD'||(LPAD(TO_CHAR(PD_SEQ.NEXTVAL),8,'0')),'SL00000004','PC00000002','好摺凳','好折凳！<br>折凳的奧妙之處，是可以藏於民居之中，隨手可得，還可以坐著它掩藏殺機。<br>就算被警察抓也告不了你，真不愧為七大武器之首！',1,8888);
INSERT INTO PRODUCT(PRD_NO,SLR_NO,CATE_NO,PRD_NAME,PRD_DESC,PRD_STOCK,PRD_PRICE) VALUES('PD'||(LPAD(TO_CHAR(PD_SEQ.NEXTVAL),8,'0')),'SL00000004','PC00000001','歐洲武士開會專用:圓桌','圓桌武士的精神: <br>◆永不暴怒和謀殺<br>◆永不背叛<br>◆決不殘忍，給予請求寬恕者以寬恕<br>◆總是給予女士以援助<br>◆永不脅迫女士<br>◆永不因為愛或言辭之利捲入爭吵而戰鬥。<br>想要體驗武士精神，請趕快購買!!!',1,299900);
INSERT INTO PRODUCT(PRD_NO,SLR_NO,CATE_NO,PRD_NAME,PRD_DESC,PRD_STOCK,PRD_PRICE) VALUES('PD'||(LPAD(TO_CHAR(PD_SEQ.NEXTVAL),8,'0')),'SL00000004','PC00000001','創意木質玻璃球小屋','桌子、椅子、櫃子統統都有囉!',1,564);




-------- 收藏商品 (外來鍵 MEM_NO、PRD_NO 作為雙主鍵)-----------
CREATE TABLE PRD_COLLECTION (
MEM_NO        VARCHAR2(10) NOT NULL,
PRD_NO        VARCHAR2(10) NOT NULL,
PCTIME        TIMESTAMP DEFAULT CURRENT_TIMESTAMP,
CONSTRAINT MEM_PRD_PK PRIMARY KEY (MEM_NO,PRD_NO),
CONSTRAINT PC_MEM_FK FOREIGN KEY(MEM_NO) REFERENCES MEMBER(MEM_NO),
CONSTRAINT PC_PRD_FK FOREIGN KEY(PRD_NO) REFERENCES PRODUCT(PRD_NO) );

INSERT INTO PRD_COLLECTION (MEM_NO,PRD_NO) VALUES ('MB00000001','PD00000018');
INSERT INTO PRD_COLLECTION (MEM_NO,PRD_NO) VALUES ('MB00000001','PD00000009');
INSERT INTO PRD_COLLECTION (MEM_NO,PRD_NO) VALUES ('MB00000002','PD00000003');
INSERT INTO PRD_COLLECTION (MEM_NO,PRD_NO) VALUES ('MB00000002','PD00000022');
INSERT INTO PRD_COLLECTION (MEM_NO,PRD_NO) VALUES ('MB00000004','PD00000007');
INSERT INTO PRD_COLLECTION (MEM_NO,PRD_NO) VALUES ('MB00000004','PD00000019');
------------------------------

CREATE TABLE EMPLOYEE (
EMP_NO VARCHAR2(10) NOT NULL,
EMP_ID VARCHAR2(40) NOT NULL,
EMP_PSW VARCHAR2(40) NOT NULL,
EMP_NAME VARCHAR2(40) NOT NULL,
EMP_LSTLOG TIMESTAMP,
EMP_BADLOG TIMESTAMP,
EMP_BADLOGTRY NUMBER(10) DEFAULT 0,
EMP_PHOTO BLOB,
EMP_STATE VARCHAR2(10) DEFAULT 'ACTIVE' NOT NULL,
EMP_NEWDATE TIMESTAMP DEFAULT CURRENT_TIMESTAMP NOT NULL,
CONSTRAINT EMP_NO_PK PRIMARY KEY(EMP_NO));



CREATE SEQUENCE EMP_SEQ
INCREMENT BY 1 
START WITH 1 
NOCACHE;

------INSERT先寫在這裡--------
INSERT INTO EMPLOYEE(EMP_NO, EMP_ID, EMP_PSW, EMP_NAME, EMP_STATE) VALUES('EM'||(LPAD(TO_CHAR
(EMP_SEQ.NEXTVAL),8,'0')), 'peter@forhouse.com', '123456' ,'吳神', 'ACTIVE');
INSERT INTO EMPLOYEE(EMP_NO, EMP_ID, EMP_PSW, EMP_NAME, EMP_STATE) VALUES('EM'||(LPAD(TO_CHAR
(EMP_SEQ.NEXTVAL),8,'0')), 'yyy@forhouse.com', '123456' ,'楊宇茵', 'ACTIVE');
INSERT INTO EMPLOYEE(EMP_NO, EMP_ID, EMP_PSW, EMP_NAME, EMP_STATE) VALUES('EM'||(LPAD(TO_CHAR
(EMP_SEQ.NEXTVAL),8,'0')), 'dragon@forhouse.com', '123456' ,'趙子龍', 'ACTIVE');
------------------------------
CREATE TABLE BK_FUNCTION(
BKF_NO NUMBER(10),
BKF_NAME VARCHAR2(40) NOT NULL, 
BKF_DSB VARCHAR2(100) NOT NULL, 
BKF_STATE VARCHAR2(10) NOT NULL,
BKF_UPDATE TIMESTAMP DEFAULT CURRENT_TIMESTAMP ,
CONSTRAINT BKF_NO_PK PRIMARY KEY(BKF_NO));



CREATE SEQUENCE BKF_NO_SEQ
INCREMENT BY 1 
START WITH 100 
NOMAXVALUE
NOCYCLE
NOCACHE;

------INSERT先寫在這裡--------
INSERT INTO BK_FUNCTION(BKF_NO, BKF_NAME, BKF_DSB, BKF_STATE) 
VALUES(BKF_NO_SEQ.NEXTVAL, '管理員工', '管理後台帳號、管理後台帳號權限' ,'ON');
INSERT INTO BK_FUNCTION(BKF_NO, BKF_NAME, BKF_DSB, BKF_STATE) 
VALUES(BKF_NO_SEQ.NEXTVAL, '審核權限', '審核房仲註冊、審核廠商註冊' ,'ON');
INSERT INTO BK_FUNCTION(BKF_NO, BKF_NAME, BKF_DSB, BKF_STATE) 
VALUES(BKF_NO_SEQ.NEXTVAL, '維護房屋資料', '房屋資料更新檢視、房屋資料爬蟲開關' ,'TEST');
INSERT INTO BK_FUNCTION(BKF_NO, BKF_NAME, BKF_DSB, BKF_STATE) 
VALUES(BKF_NO_SEQ.NEXTVAL, '管理檢舉', '審核檢舉房仲、審核檢舉廠商' ,'ON');
INSERT INTO BK_FUNCTION(BKF_NO, BKF_NAME, BKF_DSB, BKF_STATE) 
VALUES(BKF_NO_SEQ.NEXTVAL, '管理NEWS', '管理房市最新消息、管理系統公告、管理促銷資訊' ,'ON');
INSERT INTO BK_FUNCTION(BKF_NO, BKF_NAME, BKF_DSB, BKF_STATE)
VALUES(BKF_NO_SEQ.NEXTVAL, '管理廣告', '審核廠商廣告申請刊登廣告撤銷廣告' ,'ON');
INSERT INTO BK_FUNCTION(BKF_NO, BKF_NAME, BKF_DSB, BKF_STATE)
VALUES(BKF_NO_SEQ.NEXTVAL, '管理常見問題', '更新問題' ,'ON');

------------------------------
CREATE TABLE EMPLOYEE_AUTH(
EMP_NO VARCHAR2(10) NOT NULL,
BKF_NO NUMBER(10) NOT NULL,
EMAU_DATE  TIMESTAMP DEFAULT CURRENT_TIMESTAMP NOT NULL,
EMAU_EDITOR VARCHAR2(10),
CONSTRAINT EMP_NO_FK FOREIGN KEY (EMP_NO) REFERENCES EMPLOYEE(EMP_NO),
CONSTRAINT BKF_NO_FK FOREIGN KEY (BKF_NO) REFERENCES BK_FUNCTION
(BKF_NO),
CONSTRAINT EMPLOYEE_AUTH_PK PRIMARY KEY(EMP_NO,BKF_NO));
------INSERT先寫在這裡--------
INSERT INTO EMPLOYEE_AUTH(EMP_NO, BKF_NO,EMAU_EDITOR) 
VALUES('EM00000003', 100, 'EM00000001');
INSERT INTO EMPLOYEE_AUTH(EMP_NO, BKF_NO,EMAU_EDITOR) 
VALUES('EM00000003', 101, 'EM00000001');
INSERT INTO EMPLOYEE_AUTH(EMP_NO, BKF_NO,EMAU_EDITOR) 
VALUES('EM00000003', 102, 'EM00000001');

-----員工的世界-複製到這邊-請按下COMMIT-------
COMMIT;

-------------- 檢舉商品案件 --------------
CREATE TABLE REPORTPRODUCT (
RP_NO          VARCHAR2(10) NOT NULL,
MEM_NO         VARCHAR2(10) NOT NULL,
PRD_NO         VARCHAR2(10) NOT NULL,
EMP_NO         VARCHAR2(10),
RP_REASON      VARCHAR2(200),
RP_RESULT      VARCHAR2(200),
RP_STATE       VARCHAR2(10),
RP_TIME        TIMESTAMP DEFAULT CURRENT_TIMESTAMP,
CONSTRAINT RP_PK PRIMARY KEY(RP_NO),
CONSTRAINT RP_MEM_FK FOREIGN KEY(MEM_NO) REFERENCES MEMBER(MEM_NO),
CONSTRAINT RP_PRDT_FK FOREIGN KEY(PRD_NO) REFERENCES PRODUCT(PRD_NO),
CONSTRAINT RP_EMP_FK FOREIGN KEY(EMP_NO) REFERENCES EMPLOYEE(EMP_NO) );

CREATE SEQUENCE RP_SEQ
INCREMENT BY 1 
START WITH 1 
NOCACHE;

INSERT INTO REPORTPRODUCT (RP_NO,MEM_NO,PRD_NO,EMP_NO,RP_REASON,RP_RESULT,RP_STATE) VALUES ('RP'||(LPAD(TO_CHAR(RP_SEQ.NEXTVAL),8,'0')),'MB00000004','PD00000036','EM00000002','這商品是模型，好像不是貴網站的類別吧...','本網賣的是實體傢俱，不能賣模型傢俱，予以下架處理','已結案');
INSERT INTO REPORTPRODUCT (RP_NO,MEM_NO,PRD_NO,RP_REASON,RP_STATE) VALUES ('RP'||(LPAD(TO_CHAR(RP_SEQ.NEXTVAL),8,'0')),'MB00000001','PD00000035','武士的圓桌不存在這世界啊!','處理中');
--------------------------------


-------- 檢舉房仲案件 (要先建 EMPLOYEE 表格) --------
CREATE TABLE REPORTREALTOR (
RR_NO         VARCHAR2(10) NOT NULL,
MEM_NO        VARCHAR2(10) NOT NULL,
RTR_NO        VARCHAR2(10) NOT NULL,
EMP_NO        VARCHAR2(10),
RR_REASON     VARCHAR2(200),
RR_RESULT     VARCHAR2(200),
RR_STATE      VARCHAR2(10),
RR_TIME       TIMESTAMP DEFAULT CURRENT_TIMESTAMP,
CONSTRAINT RR_PK PRIMARY KEY(RR_NO),
CONSTRAINT RR_MEM_FK FOREIGN KEY(MEM_NO) REFERENCES MEMBER(MEM_NO),
CONSTRAINT RR_RTR_FK FOREIGN KEY(RTR_NO) REFERENCES REALTOR(RTR_NO),
CONSTRAINT RR_EMP_FK FOREIGN KEY(EMP_NO) REFERENCES EMPLOYEE(EMP_NO) );

CREATE SEQUENCE RR_SEQ
INCREMENT BY 1
START WITH 1
NOCACHE;

INSERT INTO REPORTREALTOR (RR_NO,MEM_NO,RTR_NO,EMP_NO,RR_REASON,RR_RESULT,RR_STATE) VALUES ('RR'||(LPAD(TO_CHAR(RR_SEQ.NEXTVAL),8,'0')),'MB00000002','RT00000001','EM00000002','葦小寶娶太多老婆了，看他不爽。','不能單純看人家不爽就檢舉，直接結案處理','已結案');
INSERT INTO REPORTREALTOR (RR_NO,MEM_NO,RTR_NO,RR_REASON,RR_STATE) VALUES ('RR'||(LPAD(TO_CHAR(RR_SEQ.NEXTVAL),8,'0')),'MB00000002','RT00000008','張鈞甯都不給人家追，生氣氣!','處理中');
COMMIT;

---------------YYY 訂單總表---------------------------------
CREATE TABLE PRODUCT_ORDER(
PDO_NO VARCHAR2(15) NOT NULL,
MEM_NO VARCHAR2(10) NOT NULL,
SLR_NO VARCHAR2(10) NOT NULL,
PDO_STAT VARCHAR2(20) DEFAULT '待出貨' NOT NULL,
PDO_RESR_DATE TIMESTAMP DEFAULT CURRENT_TIMESTAMP NOT NULL,
SLR_RATE NUMBER(2),
MEM_RATE NUMBER(2),
MEM_REVIEW VARCHAR2(100),
PDO_PARAMS CLOB,
CP_NO VARCHAR2(10),
CONSTRAINT PDO_NO_PK PRIMARY KEY(PDO_NO),
CONSTRAINT MEM_NO_FK FOREIGN KEY (MEM_NO) REFERENCES MEMBER(MEM_NO),
CONSTRAINT SLR_NO_FK FOREIGN KEY (SLR_NO) REFERENCES SELLER(SLR_NO));

CREATE SEQUENCE PDO_NO_SEQ
INCREMENT BY 1
START WITH 1
NOMAXVALUE
NOCYCLE
NOCACHE;

------訂單總表 假資料 14筆--------
INSERT INTO PRODUCT_ORDER(PDO_NO, MEM_NO, SLR_NO, PDO_STAT)
VALUES('OD'||TO_CHAR(SYSDATE,'RRMMDD')||'-'||(LPAD(TO_CHAR(PDO_NO_SEQ.NEXTVAL),6,'0')), 'MB00000003', 'SL00000002' ,'已出貨');
INSERT INTO PRODUCT_ORDER(PDO_NO, MEM_NO, SLR_NO, PDO_STAT)
VALUES('OD'||TO_CHAR(SYSDATE,'RRMMDD')||'-'||(LPAD(TO_CHAR(PDO_NO_SEQ.NEXTVAL),6,'0')), 'MB00000001', 'SL00000001' ,'待出貨');
INSERT INTO PRODUCT_ORDER(PDO_NO, MEM_NO, SLR_NO, PDO_STAT)
VALUES('OD'||TO_CHAR(SYSDATE,'RRMMDD')||'-'||(LPAD(TO_CHAR(PDO_NO_SEQ.NEXTVAL),6,'0')), 'MB00000001', 'SL00000003' ,'待出貨');
INSERT INTO PRODUCT_ORDER(PDO_NO, MEM_NO, SLR_NO, PDO_STAT)
VALUES('OD'||TO_CHAR(SYSDATE,'RRMMDD')||'-'||(LPAD(TO_CHAR(PDO_NO_SEQ.NEXTVAL),6,'0')), 'MB00000003', 'SL00000001' ,'待出貨');
INSERT INTO PRODUCT_ORDER(PDO_NO, MEM_NO, SLR_NO, PDO_STAT)
VALUES('OD'||TO_CHAR(SYSDATE,'RRMMDD')||'-'||(LPAD(TO_CHAR(PDO_NO_SEQ.NEXTVAL),6,'0')), 'MB00000002', 'SL00000004' ,'取消');
INSERT INTO PRODUCT_ORDER(PDO_NO, MEM_NO, SLR_NO, PDO_STAT)
VALUES('OD'||TO_CHAR(SYSDATE,'RRMMDD')||'-'||(LPAD(TO_CHAR(PDO_NO_SEQ.NEXTVAL),6,'0')), 'MB00000002', 'SL00000001' ,'已出貨');
INSERT INTO PRODUCT_ORDER(PDO_NO, MEM_NO, SLR_NO, PDO_STAT)
VALUES('OD'||TO_CHAR(SYSDATE,'RRMMDD')||'-'||(LPAD(TO_CHAR(PDO_NO_SEQ.NEXTVAL),6,'0')), 'MB00000003', 'SL00000002' ,'待出貨');
INSERT INTO PRODUCT_ORDER(PDO_NO, MEM_NO, SLR_NO, PDO_STAT)
VALUES('OD'||TO_CHAR(SYSDATE,'RRMMDD')||'-'||(LPAD(TO_CHAR(PDO_NO_SEQ.NEXTVAL),6,'0')), 'MB00000004', 'SL00000001' ,'取消');
INSERT INTO PRODUCT_ORDER(PDO_NO, MEM_NO, SLR_NO, PDO_STAT)
VALUES('OD'||TO_CHAR(SYSDATE,'RRMMDD')||'-'||(LPAD(TO_CHAR(PDO_NO_SEQ.NEXTVAL),6,'0')), 'MB00000003', 'SL00000002' ,'待出貨');
INSERT INTO PRODUCT_ORDER(PDO_NO, MEM_NO, SLR_NO, PDO_STAT)
VALUES('OD'||TO_CHAR(SYSDATE,'RRMMDD')||'-'||(LPAD(TO_CHAR(PDO_NO_SEQ.NEXTVAL),6,'0')), 'MB00000003', 'SL00000003' ,'待出貨');
INSERT INTO PRODUCT_ORDER(PDO_NO, MEM_NO, SLR_NO, PDO_STAT)
VALUES('OD'||TO_CHAR(SYSDATE,'RRMMDD')||'-'||(LPAD(TO_CHAR(PDO_NO_SEQ.NEXTVAL),6,'0')), 'MB00000004', 'SL00000001' ,'待出貨');
INSERT INTO PRODUCT_ORDER(PDO_NO, MEM_NO, SLR_NO, PDO_STAT)
VALUES('OD'||TO_CHAR(SYSDATE,'RRMMDD')||'-'||(LPAD(TO_CHAR(PDO_NO_SEQ.NEXTVAL),6,'0')), 'MB00000004', 'SL00000003' ,'已出貨');
INSERT INTO PRODUCT_ORDER(PDO_NO, MEM_NO, SLR_NO, PDO_STAT)
VALUES('OD'||TO_CHAR(SYSDATE,'RRMMDD')||'-'||(LPAD(TO_CHAR(PDO_NO_SEQ.NEXTVAL),6,'0')), 'MB00000004', 'SL00000004' ,'待出貨');
INSERT INTO PRODUCT_ORDER(PDO_NO, MEM_NO, SLR_NO, PDO_STAT)
VALUES('OD'||TO_CHAR(SYSDATE,'RRMMDD')||'-'||(LPAD(TO_CHAR(PDO_NO_SEQ.NEXTVAL),6,'0')), 'MB00000002', 'SL00000001' ,'待出貨');


--------訂單明細----------------------------
CREATE TABLE ORDER_DETAIL(
PDO_NO VARCHAR2(15) NOT NULL,
PRD_NO VARCHAR2(10) NOT NULL,
UNIT_PRICE NUMBER(10),
QUANTITY NUMBER(10),
CONSTRAINT PDO_NO_FK FOREIGN KEY (PDO_NO) REFERENCES PRODUCT_ORDER(PDO_NO),
CONSTRAINT PRD_NO_FK FOREIGN KEY (PRD_NO) REFERENCES PRODUCT(PRD_NO),
CONSTRAINT ORDER_DETAIL_PK PRIMARY KEY(PDO_NO,PRD_NO)
);

------訂單明細 假資料--------
INSERT INTO ORDER_DETAIL(PDO_NO, PRD_NO, UNIT_PRICE, QUANTITY) VALUES('OD'||TO_CHAR(SYSDATE,'RRMMDD')||'-000001', 'PD00000019', 3290 ,2);
INSERT INTO ORDER_DETAIL(PDO_NO, PRD_NO, UNIT_PRICE, QUANTITY) VALUES('OD'||TO_CHAR(SYSDATE,'RRMMDD')||'-000001', 'PD00000021', 4990 ,1);
INSERT INTO ORDER_DETAIL(PDO_NO, PRD_NO, UNIT_PRICE, QUANTITY) VALUES('OD'||TO_CHAR(SYSDATE,'RRMMDD')||'-000002', 'PD00000001', 8780 ,1);
INSERT INTO ORDER_DETAIL(PDO_NO, PRD_NO, UNIT_PRICE, QUANTITY) VALUES('OD'||TO_CHAR(SYSDATE,'RRMMDD')||'-000002', 'PD00000009', 4999 ,1);
INSERT INTO ORDER_DETAIL(PDO_NO, PRD_NO, UNIT_PRICE, QUANTITY) VALUES('OD'||TO_CHAR(SYSDATE,'RRMMDD')||'-000002', 'PD00000015', 30600 ,1);
INSERT INTO ORDER_DETAIL(PDO_NO, PRD_NO, UNIT_PRICE, QUANTITY) VALUES('OD'||TO_CHAR(SYSDATE,'RRMMDD')||'-000003', 'PD00000022', 2399 ,4);
INSERT INTO ORDER_DETAIL(PDO_NO, PRD_NO, UNIT_PRICE, QUANTITY) VALUES('OD'||TO_CHAR(SYSDATE,'RRMMDD')||'-000003', 'PD00000024', 11800 ,1);
INSERT INTO ORDER_DETAIL(PDO_NO, PRD_NO, UNIT_PRICE, QUANTITY) VALUES('OD'||TO_CHAR(SYSDATE,'RRMMDD')||'-000004', 'PD00000005', 3580 ,1);
INSERT INTO ORDER_DETAIL(PDO_NO, PRD_NO, UNIT_PRICE, QUANTITY) VALUES('OD'||TO_CHAR(SYSDATE,'RRMMDD')||'-000004', 'PD00000010', 4990 ,2);
INSERT INTO ORDER_DETAIL(PDO_NO, PRD_NO, UNIT_PRICE, QUANTITY) VALUES('OD'||TO_CHAR(SYSDATE,'RRMMDD')||'-000005', 'PD00000034', 8888 ,1);
INSERT INTO ORDER_DETAIL(PDO_NO, PRD_NO, UNIT_PRICE, QUANTITY) VALUES('OD'||TO_CHAR(SYSDATE,'RRMMDD')||'-000006', 'PD00000006', 15900 ,1);
INSERT INTO ORDER_DETAIL(PDO_NO, PRD_NO, UNIT_PRICE, QUANTITY) VALUES('OD'||TO_CHAR(SYSDATE,'RRMMDD')||'-000007', 'PD00000016', 8856 ,1);
INSERT INTO ORDER_DETAIL(PDO_NO, PRD_NO, UNIT_PRICE, QUANTITY) VALUES('OD'||TO_CHAR(SYSDATE,'RRMMDD')||'-000007', 'PD00000020', 4230 ,2);
INSERT INTO ORDER_DETAIL(PDO_NO, PRD_NO, UNIT_PRICE, QUANTITY) VALUES('OD'||TO_CHAR(SYSDATE,'RRMMDD')||'-000008', 'PD00000007', 13900 ,1);
INSERT INTO ORDER_DETAIL(PDO_NO, PRD_NO, UNIT_PRICE, QUANTITY) VALUES('OD'||TO_CHAR(SYSDATE,'RRMMDD')||'-000008', 'PD00000015', 30600 ,1);
INSERT INTO ORDER_DETAIL(PDO_NO, PRD_NO, UNIT_PRICE, QUANTITY) VALUES('OD'||TO_CHAR(SYSDATE,'RRMMDD')||'-000009', 'PD00000017', 9800 ,1);
INSERT INTO ORDER_DETAIL(PDO_NO, PRD_NO, UNIT_PRICE, QUANTITY) VALUES('OD'||TO_CHAR(SYSDATE,'RRMMDD')||'-000009', 'PD00000018', 7495 ,2);
INSERT INTO ORDER_DETAIL(PDO_NO, PRD_NO, UNIT_PRICE, QUANTITY) VALUES('OD'||TO_CHAR(SYSDATE,'RRMMDD')||'-000010', 'PD00000023', 3999 ,1);
INSERT INTO ORDER_DETAIL(PDO_NO, PRD_NO, UNIT_PRICE, QUANTITY) VALUES('OD'||TO_CHAR(SYSDATE,'RRMMDD')||'-000010', 'PD00000027', 7290 ,1);
INSERT INTO ORDER_DETAIL(PDO_NO, PRD_NO, UNIT_PRICE, QUANTITY) VALUES('OD'||TO_CHAR(SYSDATE,'RRMMDD')||'-000011', 'PD00000002', 3890 ,1);
INSERT INTO ORDER_DETAIL(PDO_NO, PRD_NO, UNIT_PRICE, QUANTITY) VALUES('OD'||TO_CHAR(SYSDATE,'RRMMDD')||'-000011', 'PD00000008', 4999 ,2);
INSERT INTO ORDER_DETAIL(PDO_NO, PRD_NO, UNIT_PRICE, QUANTITY) VALUES('OD'||TO_CHAR(SYSDATE,'RRMMDD')||'-000012', 'PD00000022', 2399 ,1);
INSERT INTO ORDER_DETAIL(PDO_NO, PRD_NO, UNIT_PRICE, QUANTITY) VALUES('OD'||TO_CHAR(SYSDATE,'RRMMDD')||'-000012', 'PD00000025', 5990 ,1);
INSERT INTO ORDER_DETAIL(PDO_NO, PRD_NO, UNIT_PRICE, QUANTITY) VALUES('OD'||TO_CHAR(SYSDATE,'RRMMDD')||'-000012', 'PD00000026', 10800 ,1);
INSERT INTO ORDER_DETAIL(PDO_NO, PRD_NO, UNIT_PRICE, QUANTITY) VALUES('OD'||TO_CHAR(SYSDATE,'RRMMDD')||'-000013', 'PD00000031', 7990 ,1);
INSERT INTO ORDER_DETAIL(PDO_NO, PRD_NO, UNIT_PRICE, QUANTITY) VALUES('OD'||TO_CHAR(SYSDATE,'RRMMDD')||'-000014', 'PD00000014', 11900 ,1);
COMMIT;


-------------子楷-----------------------------------


CREATE SEQUENCE ADVERTISEMENT_SEQUANCE
START WITH 1
INCREMENT BY 1
MINVALUE 0
NOMAXVALUE;



CREATE TABLE ADVERTISEMENT(
AD_NO VARCHAR2(100) PRIMARY KEY NOT NULL,
PRD_NO VARCHAR2(10) NOT NULL,
EMP_NO VARCHAR2(10),
AD_TYPE VARCHAR2(100) NOT NULL,
AD_IMG BLOB,
APPLING_DATE TIMESTAMP,
AUDIT_DATE TIMESTAMP,
EXPIRATION_DATE TIMESTAMP,
CONSTRAINT FK_ADVERTISMENT_PRODUCT FOREIGN KEY (PRD_NO) REFERENCES PRODUCT (PRD_NO),
CONSTRAINT FK_ADVERTISMENT_EMPLOYEE FOREIGN KEY (EMP_NO) REFERENCES EMPLOYEE (EMP_NO) 
);
 
CREATE TABLE ARTICLE(
ARTICLE_NO VARCHAR2(100) PRIMARY KEY NOT NULL,
RTR_NO VARCHAR2(10) NOT NULL,
ARTICLE_BODY CLOB,
POST_DATE TIMESTAMP NOT NULL,
UPDATE_DATE TIMESTAMP DEFAULT CURRENT_TIMESTAMP,
ARTICLE_STATE VARCHAR2(30) NOT NULL,
ARTICLE_COMM CLOB,
CONSTRAINT FK_ARTICLE_REALTOR FOREIGN KEY (RTR_NO) REFERENCES REALTOR(RTR_NO)
);


--文章---------------------------------------------------------------------------
CREATE SEQUENCE SEQ_ART
INCREMENT BY 1
START WITH 8000
NOMAXVALUE
NOCYCLE
NOCACHE;


INSERT INTO ARTICLE (Article_No, Rtr_No, Article_body, Post_date, Article_State, ARTICLE_COMM)
VALUES('ART'||LPAD(TO_CHAR(SEQ_ART.NEXTVAL), 7, '0'), 'RT00000001', '父親節剛過完，又要帶客人去抄別人家了，鰲拜這個大壞蛋', TO_DATE('20171025', 'YYYY-MM-DD'), 'OFF', '真的是壞蛋');
INSERT INTO ARTICLE (Article_No, Rtr_No, Article_body, Post_date, Article_State, ARTICLE_COMM)
VALUES('ART'||LPAD(TO_CHAR(SEQ_ART.NEXTVAL), 7, '0'), 'RT00000002', '今天真的是愉快得一天!', TO_DATE('20171020', 'YYYY-MM-DD'), 'ON', '恭禧');
INSERT INTO ARTICLE (Article_No, Rtr_No, Article_body, Post_date, Article_State, ARTICLE_COMM)
VALUES('ART'||LPAD(TO_CHAR(SEQ_ART.NEXTVAL), 7, '0'), 'RT00000003', '全家有代言的衣服好好看喔，看房子也不要忘記穿衣服', TO_DATE('20171110', 'YYYY-MM-DD'), 'OFF', '愛愛惹人愛');
INSERT INTO ARTICLE (Article_No, Rtr_No, Article_body, Post_date, Article_State, ARTICLE_COMM)
VALUES('ART'||LPAD(TO_CHAR(SEQ_ART.NEXTVAL), 7, '0'), 'RT00000004', '今天一位太太說，想找有箭一直插.....在佛像上面裝飾的房子，真的很久沒有遇到妖尼姑了，還真的當我什麼都找的到', TO_DATE('20171103', 'YYYY-MM-DD'), 'ON', '笨笨');
INSERT INTO ARTICLE (Article_No, Rtr_No, Article_body, Post_date, Article_State, ARTICLE_COMM)
VALUES('ART'||LPAD(TO_CHAR(SEQ_ART.NEXTVAL), 7, '0'), 'RT00000005', '下面一位~~', TO_DATE('20171115', 'YYYY-MM-DD'), 'OFF', '先抱一下');
INSERT INTO ARTICLE (Article_No, Rtr_No, Article_body, Post_date, Article_State, ARTICLE_COMM)
VALUES('ART'||LPAD(TO_CHAR(SEQ_ART.NEXTVAL), 7, '0'), 'RT00000001', '神龍教主教我幫忙找房子，不然又要給我「我愛一條柴了」', TO_DATE('20171030', 'YYYY-MM-DD'), 'OFF', '好累');
INSERT INTO ARTICLE (Article_No, Rtr_No, Article_body, Post_date, Article_State, ARTICLE_COMM)
VALUES('ART'||LPAD(TO_CHAR(SEQ_ART.NEXTVAL), 7, '0'), 'RT00000005', '下面一位~~', TO_DATE('20171123', 'YYYY-MM-DD'), 'ON', '再抱一下');
INSERT INTO ARTICLE (Article_No, Rtr_No, Article_body, Post_date, Article_State, ARTICLE_COMM)
VALUES('ART'||LPAD(TO_CHAR(SEQ_ART.NEXTVAL), 7, '0'), 'RT00000006', '真的是沒事不要找事，最近又有新的場館開了，要帶的請歡迎!', TO_DATE('20171126', 'YYYY-MM-DD'), 'OFF', '好');
INSERT INTO ARTICLE (Article_No, Rtr_No, Article_body, Post_date, Article_State, ARTICLE_COMM)
VALUES('ART'||LPAD(TO_CHAR(SEQ_ART.NEXTVAL), 7, '0'), 'RT00000007', '謝謝你出現在我的青春里。大平台...', TO_DATE('20171102', 'YYYY-MM-DD'), 'OFF', '不客氣');
INSERT INTO ARTICLE (Article_No, Rtr_No, Article_body, Post_date, Article_State, ARTICLE_COMM)
VALUES('ART'||LPAD(TO_CHAR(SEQ_ART.NEXTVAL), 7, '0'), 'RT00000008', '送大南瓜', TO_DATE('20171027', 'YYYY-MM-DD'), 'OFF', '不好吃');
INSERT INTO ARTICLE (Article_No, Rtr_No, Article_body, Post_date, Article_State, ARTICLE_COMM)
VALUES('ART'||LPAD(TO_CHAR(SEQ_ART.NEXTVAL), 7, '0'), 'RT00000001', '好懷念大小雙七期，真的有心電感應', TO_DATE('20171110', 'YYYY-MM-DD'), 'ON', '我也超愛');
INSERT INTO ARTICLE (Article_No, Rtr_No, Article_body, Post_date, Article_State, ARTICLE_COMM)
VALUES('ART'||LPAD(TO_CHAR(SEQ_ART.NEXTVAL), 7, '0'), 'RT00000002', '裝扮就送大南瓜', TO_DATE('20171112', 'YYYY-MM-DD'), 'OFF', '要吃幾顆');
INSERT INTO ARTICLE (Article_No, Rtr_No, Article_body, Post_date, Article_State, ARTICLE_COMM)
VALUES('ART'||LPAD(TO_CHAR(SEQ_ART.NEXTVAL), 7, '0'), 'RT00000003', '就愛阿蓋', TO_DATE('20171122', 'YYYY-MM-DD'), 'OFF', '真的我也愛');
INSERT INTO ARTICLE (Article_No, Rtr_No, Article_body, Post_date, Article_State, ARTICLE_COMM)
VALUES('ART'||LPAD(TO_CHAR(SEQ_ART.NEXTVAL), 7, '0'), 'RT00000004', '就送大南瓜', TO_DATE('20171113', 'YYYY-MM-DD'), 'OFF', '種瓜得瓜');
INSERT INTO ARTICLE (Article_No, Rtr_No, Article_body, Post_date, Article_State, ARTICLE_COMM)
VALUES('ART'||LPAD(TO_CHAR(SEQ_ART.NEXTVAL), 7, '0'), 'RT00000005', '下面一位~~', TO_DATE('20171115', 'YYYY-MM-DD'), 'OFF', '抱一下');
INSERT INTO ARTICLE (Article_No, Rtr_No, Article_body, Post_date, Article_State, ARTICLE_COMM)
VALUES('ART'||LPAD(TO_CHAR(SEQ_ART.NEXTVAL), 7, '0'), 'RT00000001', '南瓜有裝扮就送大南瓜', TO_DATE('20171120', 'YYYY-MM-DD'), 'OFF', 'ㄎㄎ');
INSERT INTO ARTICLE (Article_No, Rtr_No, Article_body, Post_date, Article_State, ARTICLE_COMM)
VALUES('ART'||LPAD(TO_CHAR(SEQ_ART.NEXTVAL), 7, '0'), 'RT00000005', '下面一位~~', TO_DATE('20171118', 'YYYY-MM-DD'), 'ON', '抱一下');
INSERT INTO ARTICLE (Article_No, Rtr_No, Article_body, Post_date, Article_State, ARTICLE_COMM)
VALUES('ART'||LPAD(TO_CHAR(SEQ_ART.NEXTVAL), 7, '0'), 'RT00000006', '裝扮就送大南瓜', TO_DATE('20171105', 'YYYY-MM-DD'), 'ON', 'ㄎㄎ');
INSERT INTO ARTICLE (Article_No, Rtr_No, Article_body, Post_date, Article_State, ARTICLE_COMM)
VALUES('ART'||LPAD(TO_CHAR(SEQ_ART.NEXTVAL), 7, '0'), 'RT00000007', '麻醬麵，麻醬和面要分開。但客人跟房子不能分開!', TO_DATE('20171113', 'YYYY-MM-DD'), 'OFF', '腿也開開');
INSERT INTO ARTICLE (Article_No, Rtr_No, Article_body, Post_date, Article_State, ARTICLE_COMM)
VALUES('ART'||LPAD(TO_CHAR(SEQ_ART.NEXTVAL), 7, '0'), 'RT00000008', '美美der', TO_DATE('20171202', 'YYYY-MM-DD'), 'ON', 'Yes');

INSERT INTO ARTICLE (Article_No, Rtr_No, Article_body, Post_date, Article_State, ARTICLE_COMM)
VALUES('ART'||LPAD(TO_CHAR(SEQ_ART.NEXTVAL), 7, '0'), 'RT00000001', '今天真得很累，還要去反清復明，帶客人去看台北天地會總處。還不買= =', TO_DATE('20171110', 'YYYY-MM-DD'), 'ON', '42章經');
INSERT INTO ARTICLE (Article_No, Rtr_No, Article_body, Post_date, Article_State, ARTICLE_COMM)
VALUES('ART'||LPAD(TO_CHAR(SEQ_ART.NEXTVAL), 7, '0'), 'RT00000002', '我有熱忱，但沒有能力QQ，今年又要休息了', TO_DATE('20171110', 'YYYY-MM-DD'), 'ON', '球球');
INSERT INTO ARTICLE (Article_No, Rtr_No, Article_body, Post_date, Article_State, ARTICLE_COMM)
VALUES('ART'||LPAD(TO_CHAR(SEQ_ART.NEXTVAL), 7, '0'), 'RT00000003', '超級漂亮，就是最美的，阿蓋的最愛', TO_DATE('20171120', 'YYYY-MM-DD'), 'ON', '阿蓋棒棒');
INSERT INTO ARTICLE (Article_No, Rtr_No, Article_body, Post_date, Article_State, ARTICLE_COMM)
VALUES('ART'||LPAD(TO_CHAR(SEQ_ART.NEXTVAL), 7, '0'), 'RT00000004', '誰再敢說武當七期不好，我馬上叫我孫子帶領魔教攻上他家', TO_DATE('20171110', 'YYYY-MM-DD'), 'ON', '我愛小招');
INSERT INTO ARTICLE (Article_No, Rtr_No, Article_body, Post_date, Article_State, ARTICLE_COMM)
VALUES('ART'||LPAD(TO_CHAR(SEQ_ART.NEXTVAL), 7, '0'), 'RT00000005', '讓我們歡迎，下面一位~', TO_DATE('20171024', 'YYYY-MM-DD'), 'ON', '抱一下');
INSERT INTO ARTICLE (Article_No, Rtr_No, Article_body, Post_date, Article_State, ARTICLE_COMM)
VALUES('ART'||LPAD(TO_CHAR(SEQ_ART.NEXTVAL), 7, '0'), 'RT00000006', '當房仲就像是格鬥一樣，都是自己的興趣', TO_DATE('20170810', 'YYYY-MM-DD'), 'ON', '打');
INSERT INTO ARTICLE (Article_No, Rtr_No, Article_body, Post_date, Article_State, ARTICLE_COMM)
VALUES('ART'||LPAD(TO_CHAR(SEQ_ART.NEXTVAL), 7, '0'), 'RT00000006', '最近很久沒有深蹲了，不要再偷拿走花生球跟彈力帶了', TO_DATE('20170910', 'YYYY-MM-DD'), 'ON', '真的很久');
INSERT INTO ARTICLE (Article_No, Rtr_No, Article_body, Post_date, Article_State, ARTICLE_COMM)
VALUES('ART'||LPAD(TO_CHAR(SEQ_ART.NEXTVAL), 7, '0'), 'RT00000004', '現在只要帶客人看很久，我都會回想起閉關那美好時光', TO_DATE('20171010', 'YYYY-MM-DD'), 'ON', '每天早上都還是一柱');
INSERT INTO ARTICLE (Article_No, Rtr_No, Article_body, Post_date, Article_State, ARTICLE_COMM)
VALUES('ART'||LPAD(TO_CHAR(SEQ_ART.NEXTVAL), 7, '0'), 'RT00000007', '沒有什麼，就只有大! 平! 台!', TO_DATE('20171117', 'YYYY-MM-DD'), 'ON', '平台~');
INSERT INTO ARTICLE (Article_No, Rtr_No, Article_body, Post_date, Article_State, ARTICLE_COMM)
VALUES('ART'||LPAD(TO_CHAR(SEQ_ART.NEXTVAL), 7, '0'), 'RT00000008', '我就是美美的~', TO_DATE('20171005', 'YYYY-MM-DD'), 'ON', '美');
INSERT INTO ARTICLE (Article_No, Rtr_No, Article_body, Post_date, Article_State, ARTICLE_COMM)
VALUES('ART'||LPAD(TO_CHAR(SEQ_ART.NEXTVAL), 7, '0'), 'RT00000009', '最近要拍影片，都順便找客人幫我掌鏡', TO_DATE('20170810', 'YYYY-MM-DD'), 'ON', '邊緣');
INSERT INTO ARTICLE (Article_No, Rtr_No, Article_body, Post_date, Article_State, ARTICLE_COMM)
VALUES('ART'||LPAD(TO_CHAR(SEQ_ART.NEXTVAL), 7, '0'), 'RT00000010', '球來就打! 但我要的是客人阿!!', TO_DATE('20170910', 'YYYY-MM-DD'), 'ON', '客人喔');
INSERT INTO ARTICLE (Article_No, Rtr_No, Article_body, Post_date, Article_State, ARTICLE_COMM)
VALUES('ART'||LPAD(TO_CHAR(SEQ_ART.NEXTVAL), 7, '0'), 'RT00000011', '各位阿，不要再讓政府欺負我們了', TO_DATE('20171010', 'YYYY-MM-DD'), 'ON', '不要生氣氣');
INSERT INTO ARTICLE (Article_No, Rtr_No, Article_body, Post_date, Article_State, ARTICLE_COMM)
VALUES('ART'||LPAD(TO_CHAR(SEQ_ART.NEXTVAL), 7, '0'), 'RT00000012', '鋼鐵鋼鐵', TO_DATE('20171113', 'YYYY-MM-DD'), 'ON', '兒子帥');
INSERT INTO ARTICLE (Article_No, Rtr_No, Article_body, Post_date, Article_State, ARTICLE_COMM)
VALUES('ART'||LPAD(TO_CHAR(SEQ_ART.NEXTVAL), 7, '0'), 'RT00000011', '螢幕上累積的獎金，可能就是你的喔', TO_DATE('20171101', 'YYYY-MM-DD'), 'ON', '進行獎金挑戰賽');
INSERT INTO ARTICLE (Article_No, Rtr_No, Article_body, Post_date, Article_State, ARTICLE_COMM)
VALUES('ART'||LPAD(TO_CHAR(SEQ_ART.NEXTVAL), 7, '0'), 'RT00000010', '球來，這次先不打~', TO_DATE('20170814', 'YYYY-MM-DD'), 'OFF', '不打，出局');
INSERT INTO ARTICLE (Article_No, Rtr_No, Article_body, Post_date, Article_State, ARTICLE_COMM)
VALUES('ART'||LPAD(TO_CHAR(SEQ_ART.NEXTVAL), 7, '0'), 'RT00000005', '下面一位~', TO_DATE('20170907', 'YYYY-MM-DD'), 'OFF', '抱一下');
INSERT INTO ARTICLE (Article_No, Rtr_No, Article_body, Post_date, Article_State, ARTICLE_COMM)
VALUES('ART'||LPAD(TO_CHAR(SEQ_ART.NEXTVAL), 7, '0'), 'RT00000006', '沒有客人，大平台', TO_DATE('20171012', 'YYYY-MM-DD'), 'ON', '評');
INSERT INTO ARTICLE (Article_No, Rtr_No, Article_body, Post_date, Article_State, ARTICLE_COMM)
VALUES('ART'||LPAD(TO_CHAR(SEQ_ART.NEXTVAL), 7, '0'), 'RT00000001', '就送大南瓜', TO_DATE('20171121', 'YYYY-MM-DD'), 'ON', 'ㄎㄎ');
INSERT INTO ARTICLE (Article_No, Rtr_No, Article_body, Post_date, Article_State, ARTICLE_COMM)
VALUES('ART'||LPAD(TO_CHAR(SEQ_ART.NEXTVAL), 7, '0'), 'RT00000008', '拍拍ㄆㄥ胚', TO_DATE('20170930', 'YYYY-MM-DD'), 'OFF', 'MiFaSo魔女');
INSERT INTO ARTICLE (Article_No, Rtr_No, Article_body, Post_date, Article_State, ARTICLE_COMM)
VALUES('ART'||LPAD(TO_CHAR(SEQ_ART.NEXTVAL), 7, '0'), 'RT00000007', '以後我叫劉德華唱給你聽!但，大平台~', TO_DATE('20171110', 'YYYY-MM-DD'), 'ON', '華哥');


CREATE TABLE FOLLOW_RTR(
RTR_NO VARCHAR2(10)NOT NULL ,
MEM_NO VARCHAR2(10)NOT NULL ,
STATE VARCHAR2(10),
FOLLOW_DATE TIMESTAMP,
CONSTRAINT PK_FOLLOW_RTR PRIMARY KEY(RTR_NO,MEM_NO)
);

CREATE TABLE PRDIMG (
IMG_NO VARCHAR2(10) NOT NULL,
PRD_NO VARCHAR2(10) NOT NULL,
PRD_IMG BLOB,
CONSTRAINT PRDIMG_PK PRIMARY KEY(IMG_NO),
CONSTRAINT PRDIMG_PD_FK FOREIGN KEY(PRD_NO) REFERENCES PRODUCT(PRD_NO) 
);

CREATE SEQUENCE PRDIMG_SEQ
INCREMENT BY 1 
START WITH 10000001 
NOCACHE;


-------------------------------------------------蓋-----------------------------
--新聞種類---------------------------------------------------------------------------
CREATE TABLE NEWS_TYPE(
NTYPE_NO   VARCHAR2(10) NOT NULL,
NEWS_TYPE  VARCHAR2(30) NOT NULL,
CONSTRAINT PK_NEWS_TYPE PRIMARY KEY (NTYPE_NO)
);


--新聞----------------------------------------------------------------------------
CREATE TABLE NEWS(
NEWS_NO      VARCHAR2(10)   NOT NULL,
NTYPE_NO     VARCHAR2(10)   NOT NULL,
NEWS_TITLE   VARCHAR2(300)  NOT NULL,
NEWS_CONTENT CLOB,
NEWS_PHOTO   BLOB,
NEWS_STATE   VARCHAR2(30)   NOT NULL,
NEWS_DATE TIMESTAMP DEFAULT CURRENT_TIMESTAMP,
EMP_NO       VARCHAR2(10)   NOT NULL,
CONSTRAINT FK_NEWS_NTYPE_NO FOREIGN KEY (NTYPE_NO) REFERENCES NEWS_TYPE (NTYPE_NO),
CONSTRAINT FK_NEWS_EMP_NO FOREIGN KEY (EMP_NO) REFERENCES EMPLOYEE (EMP_NO),
CONSTRAINT PK_NEWS PRIMARY KEY (NEWS_NO)
);


--公告---------------------------------------------------------------------------
CREATE TABLE ANN(
ANN_NO      NUMBER(10)    NOT NULL,
ANN_TITLE   VARCHAR2(300) NOT NULL,
ANN_CONTENT CLOB          NOT NULL,
ANN_STATE   VARCHAR2(30)  NOT NULL,
ANN_DATE    TIMESTAMP     DEFAULT CURRENT_TIMESTAMP,
EMP_NO      VARCHAR2(10)  NOT NULL,
CONSTRAINT FK_ANN_EMP_NO  FOREIGN KEY (EMP_NO) REFERENCES EMPLOYEE (EMP_NO),
CONSTRAINT PK_ANN PRIMARY KEY (ANN_NO)
);


--問題種類------------------------------------------------------------------------
CREATE TABLE QA_TYPE(
QATYPE_NO  VARCHAR2(10) NOT NULL,
QA_TYPE    VARCHAR2(30) NOT NULL,
CONSTRAINT PK_QA_TYPE PRIMARY KEY (QATYPE_NO)
);


--常見問題-----------------------------------------------------------------------
CREATE TABLE QA(
QA_NO 	   NUMBER(10)    NOT NULL,
QATYPE_NO  VARCHAR2(10)  NOT NULL,
QA_TITLE   VARCHAR2(300) NOT NULL,
QA_CONTENT CLOB          NOT NULL,
QA_DATE TIMESTAMP DEFAULT CURRENT_TIMESTAMP,
EMP_NO     VARCHAR2(10)  NOT NULL,
CONSTRAINT FK_QA_QATYPE_NO FOREIGN KEY (QATYPE_NO) REFERENCES QA_TYPE(QATYPE_NO),
CONSTRAINT FK_QA_EMP_NO FOREIGN KEY (EMP_NO) REFERENCES EMPLOYEE (EMP_NO),
CONSTRAINT PK_QA PRIMARY KEY (QA_NO)
);


--促銷活動-----------------------------------------------------------------------
CREATE TABLE PROMO(
PROMO_NO      VARCHAR2(10)   NOT NULL,
PROMO_FROM    DATE           NOT NULL,
PROMO_TO      DATE           NOT NULL,
PROMO_NAME    VARCHAR2(100)  NOT NULL,
PROMO_CONTENT VARCHAR2(1500) NOT NULL,
PROMO_PHOTO   BLOB,
PROMO_STATE   VARCHAR2(30)   NOT NULL,
PROMO_DATE TIMESTAMP DEFAULT CURRENT_TIMESTAMP,
EMP_NO        VARCHAR2(10)   NOT NULL,
CONSTRAINT FK_PROMO_EMP_NO FOREIGN KEY (EMP_NO) REFERENCES EMPLOYEE (EMP_NO),
CONSTRAINT PK_PROMO PRIMARY KEY (PROMO_NO)
);


--優惠卷------------------------------------------------------------------------
CREATE TABLE COUPON(
CP_NO 	    VARCHAR2(10)   NOT NULL,
CP_FROM     DATE           NOT NULL,
CP_TO       DATE           NOT NULL,
CP_CONTENT  VARCHAR2(1500) NOT NULL,
CP_DISCOUNT VARCHAR2(10)   NOT NULL,
PDO_NO      VARCHAR2(10),
CP_STATE    VARCHAR2(30)   NOT NULL,
CP_DATE TIMESTAMP DEFAULT CURRENT_TIMESTAMP,
MEM_NO      VARCHAR2(10)   NOT NULL,
PROMO_NO    VARCHAR2(10)   NOT NULL,
CONSTRAINT PK_COUPON PRIMARY KEY (CP_NO)
);

--------------------------------------------------------------------------------
COMMIT;
--新聞種類-------------------------------------------------------------
INSERT INTO NEWS_TYPE VALUES('HN001','房市新聞');
INSERT INTO NEWS_TYPE VALUES('LK002','看屋百科');
INSERT INTO NEWS_TYPE VALUES('GH003','安家百科');


--新聞-----------------------------------------------------------------
CREATE SEQUENCE SEQ_NEWS
INCREMENT BY 1
START WITH 1
NOCACHE;

INSERT INTO NEWS (NEWS_NO, NTYPE_NO, NEWS_TITLE, NEWS_CONTENT, NEWS_PHOTO, NEWS_STATE, NEWS_DATE, EMP_NO) 
VALUES('NS'||LPAD(TO_CHAR(SEQ_NEWS.NEXTVAL), 8, '0'), 'HN001', '房地合一', '', '', '公告中', TO_TIMESTAMP('2017-10-26 11:28', 'YYYY-MM-DD HH:MI'), 'EM00000001');
INSERT INTO NEWS (NEWS_NO, NTYPE_NO, NEWS_TITLE, NEWS_CONTENT, NEWS_PHOTO, NEWS_STATE, NEWS_DATE, EMP_NO) 
VALUES('NS'||LPAD(TO_CHAR(SEQ_NEWS.NEXTVAL), 8, '0'), 'HN001', '小南門生活圈，擁綠帶治安佳，新案破百萬', '', '', '公告中', TO_TIMESTAMP('2017-10-27 11:30', 'YYYY-MM-DD HH:MI'), 'EM00000002');
INSERT INTO NEWS (NEWS_NO, NTYPE_NO, NEWS_TITLE, NEWS_CONTENT, NEWS_PHOTO, NEWS_STATE, NEWS_DATE, EMP_NO) 
VALUES('NS'||LPAD(TO_CHAR(SEQ_NEWS.NEXTVAL), 8, '0'), 'HN001', '土地標售市場開紅盤，房市現曙光', '', '', '公告中', TO_TIMESTAMP('2017-10-28 09:40', 'YYYY-MM-DD HH:MI'), 'EM00000001');
INSERT INTO NEWS (NEWS_NO, NTYPE_NO, NEWS_TITLE, NEWS_CONTENT, NEWS_PHOTO, NEWS_STATE, NEWS_DATE, EMP_NO) 
VALUES('NS'||LPAD(TO_CHAR(SEQ_NEWS.NEXTVAL), 8, '0'), 'HN001', '醫療水準高  馬國成退休天堂', '', '', '公告中', TO_TIMESTAMP('2017-11-10 10:30', 'YYYY-MM-DD HH:MI'), 'EM00000001');
INSERT INTO NEWS (NEWS_NO, NTYPE_NO, NEWS_TITLE, NEWS_CONTENT, NEWS_PHOTO, NEWS_STATE, NEWS_DATE, EMP_NO) 
VALUES('NS'||LPAD(TO_CHAR(SEQ_NEWS.NEXTVAL), 8, '0'), 'HN001', '南港重劃區', '', '', '公告中', TO_TIMESTAMP('2017-11-15 11:30', 'YYYY-MM-DD HH:MI'), 'EM00000002');
INSERT INTO NEWS (NEWS_NO, NTYPE_NO, NEWS_TITLE, NEWS_CONTENT, NEWS_PHOTO, NEWS_STATE, NEWS_DATE, EMP_NO) 
VALUES('NS'||LPAD(TO_CHAR(SEQ_NEWS.NEXTVAL), 8, '0'), 'GH003', '設計理念', '', '', '公告中', TO_TIMESTAMP('2017-11-20 09:30', 'YYYY-MM-DD HH:MI'), 'EM00000003');
INSERT INTO NEWS (NEWS_NO, NTYPE_NO, NEWS_TITLE, NEWS_CONTENT, NEWS_PHOTO, NEWS_STATE, NEWS_DATE, EMP_NO) 
VALUES('NS'||LPAD(TO_CHAR(SEQ_NEWS.NEXTVAL), 8, '0'), 'GH003', '小空間大享受', '', '', '公告中', TO_TIMESTAMP('2017-11-22 10:20', 'YYYY-MM-DD HH:MI'), 'EM00000002');
INSERT INTO NEWS (NEWS_NO, NTYPE_NO, NEWS_TITLE, NEWS_CONTENT, NEWS_PHOTO, NEWS_STATE, NEWS_DATE, EMP_NO) 
VALUES('NS'||LPAD(TO_CHAR(SEQ_NEWS.NEXTVAL), 8, '0'), 'GH003', '英國品牌Dyson出檯燈', '', '', '公告中', TO_TIMESTAMP('2017-11-23 09:50', 'YYYY-MM-DD HH:MI'), 'EM00000002');
INSERT INTO NEWS (NEWS_NO, NTYPE_NO, NEWS_TITLE, NEWS_CONTENT, NEWS_PHOTO, NEWS_STATE, NEWS_DATE, EMP_NO) 
VALUES('NS'||LPAD(TO_CHAR(SEQ_NEWS.NEXTVAL), 8, '0'), 'GH003', '視聽娛樂的享樂重心', '', '', '公告中', TO_TIMESTAMP('2017-11-26 11:10', 'YYYY-MM-DD HH:MI'), 'EM00000003');
INSERT INTO NEWS (NEWS_NO, NTYPE_NO, NEWS_TITLE, NEWS_CONTENT, NEWS_PHOTO, NEWS_STATE, NEWS_DATE, EMP_NO) 
VALUES('NS'||LPAD(TO_CHAR(SEQ_NEWS.NEXTVAL), 8, '0'), 'GH003', '家俱新生活', '', '', '公告中', TO_TIMESTAMP('2017-11-27 10:32', 'YYYY-MM-DD HH:MI'), 'EM00000002');
INSERT INTO NEWS (NEWS_NO, NTYPE_NO, NEWS_TITLE, NEWS_CONTENT, NEWS_PHOTO, NEWS_STATE, NEWS_DATE, EMP_NO) 
VALUES('NS'||LPAD(TO_CHAR(SEQ_NEWS.NEXTVAL), 8, '0'), 'LK002', '首購不敗經驗談', '', '', '公告中', TO_TIMESTAMP('2017-11-28 09:33', 'YYYY-MM-DD HH:MI'), 'EM00000002');
INSERT INTO NEWS (NEWS_NO, NTYPE_NO, NEWS_TITLE, NEWS_CONTENT, NEWS_PHOTO, NEWS_STATE, NEWS_DATE, EMP_NO) 
VALUES('NS'||LPAD(TO_CHAR(SEQ_NEWS.NEXTVAL), 8, '0'), 'LK002', '掌握看屋訣竅', '', '', '公告中', TO_TIMESTAMP('2017-11-29 11:20', 'YYYY-MM-DD HH:MI'), 'EM00000002');


--公告----------------------------------------------------------------------
CREATE SEQUENCE SEQ_ANN
INCREMENT BY 1
START WITH 3000
NOMAXVALUE
NOCYCLE
NOCACHE;

INSERT INTO ANN (ANN_NO, ANN_TITLE, ANN_CONTENT, ANN_STATE, ANN_DATE, EMP_NO) 
VALUES(SEQ_ANN.NEXTVAL, '台灣最新看屋網站上線啦', '真的上線了，謝謝大家為期一個多月以來的成果，也謝謝各位老師同學們的幫助', '公告中', TO_TIMESTAMP('2017-11-26 11:28', 'YYYY-MM-DD HH:MI'), 'EM00000001');
INSERT INTO ANN (ANN_NO, ANN_TITLE, ANN_CONTENT, ANN_STATE, ANN_DATE, EMP_NO) 
VALUES(SEQ_ANN.NEXTVAL, '房屋資訊', '很多好的房屋資訊盡在<a href="../house/houseServlet.do?action=getAll">看屋去</a>', '公告中', TO_TIMESTAMP('2017-11-27 10:28', 'YYYY-MM-DD HH:MI'), 'EM00000002');
INSERT INTO ANN (ANN_NO, ANN_TITLE, ANN_CONTENT, ANN_STATE, ANN_DATE, EMP_NO) 
VALUES(SEQ_ANN.NEXTVAL, '房仲資訊', '很多好的房仲任你挑<a href="../front/realtor/realtor.do?action=listQueryB">找房仲</a>', '公告中', TO_TIMESTAMP('2017-11-28 11:28', 'YYYY-MM-DD HH:MI'), 'EM00000002');


--問題種類---------------------------------------------------------------------------
INSERT INTO QA_TYPE VALUES('LOG001', '註冊登入');
INSERT INTO QA_TYPE VALUES('EST002', '如何預約房仲');
INSERT INTO QA_TYPE VALUES('PRO003', '如何購買商品');
INSERT INTO QA_TYPE VALUES('COU004', '優惠卷使用');
INSERT INTO QA_TYPE VALUES('OTH005', '其他問題');


--常見問題-----------------------------------------------------------------------
CREATE SEQUENCE SEQ_QA
INCREMENT BY 1
START WITH 4000
NOMAXVALUE
NOCYCLE
NOCACHE;

INSERT INTO QA (QA_NO, QATYPE_NO, QA_TITLE, QA_CONTENT, EMP_NO) 
VALUES(SEQ_QA.NEXTVAL, 'LOG001', '登入失敗', '請重新登入請重新登入請重新登入', 'EM00000003');
INSERT INTO QA (QA_NO, QATYPE_NO, QA_TITLE, QA_CONTENT, EMP_NO) 
VALUES(SEQ_QA.NEXTVAL, 'EST002', '登入失敗', '請重新登入請重新登入請重新登入', 'EM00000001');
INSERT INTO QA (QA_NO, QATYPE_NO, QA_TITLE, QA_CONTENT, EMP_NO) 
VALUES(SEQ_QA.NEXTVAL, 'LOG001', '登入失敗', '請重新登入請重新登入請重新登入', 'EM00000001');
INSERT INTO QA (QA_NO, QATYPE_NO, QA_TITLE, QA_CONTENT, EMP_NO) 
VALUES(SEQ_QA.NEXTVAL, 'LOG001', '登入失敗', '請重新登入請重新登入請重新登入', 'EM00000003');
INSERT INTO QA (QA_NO, QATYPE_NO, QA_TITLE, QA_CONTENT, EMP_NO) 
VALUES(SEQ_QA.NEXTVAL, 'EST002', '登入失敗', '請重新登入請重新登入請重新登入', 'EM00000002');
INSERT INTO QA (QA_NO, QATYPE_NO, QA_TITLE, QA_CONTENT, EMP_NO) 
VALUES(SEQ_QA.NEXTVAL, 'COU004', '登入失敗', '請重新登入請重新登入請重新登入', 'EM00000001');
INSERT INTO QA (QA_NO, QATYPE_NO, QA_TITLE, QA_CONTENT, EMP_NO) 
VALUES(SEQ_QA.NEXTVAL, 'LOG001', '登入失敗', '請重新登入請重新登入請重新登入', 'EM00000003');
INSERT INTO QA (QA_NO, QATYPE_NO, QA_TITLE, QA_CONTENT, EMP_NO) 
VALUES(SEQ_QA.NEXTVAL, 'PRO003', '登入失敗', '請重新登入請重新登入請重新登入', 'EM00000003');
INSERT INTO QA (QA_NO, QATYPE_NO, QA_TITLE, QA_CONTENT, EMP_NO) 
VALUES(SEQ_QA.NEXTVAL, 'OTH005', '登入失敗', '請重新登入請重新登入請重新登入', 'EM00000001');
INSERT INTO QA (QA_NO, QATYPE_NO, QA_TITLE, QA_CONTENT, EMP_NO) 
VALUES(SEQ_QA.NEXTVAL, 'PRO003', '登入失敗', '請重新登入請重新登入請重新登入', 'EM00000002');


--促銷活動-----------------------------------------------------------------------
CREATE SEQUENCE SEQ_PRO
INCREMENT BY 1
START WITH 5000
NOMAXVALUE
NOCYCLE
NOCACHE;

INSERT INTO PROMO (PROMO_NO, PROMO_FROM, PROMO_TO, PROMO_NAME, PROMO_CONTENT, PROMO_PHOTO, PROMO_STATE, EMP_NO) 
VALUES('PRO'||LPAD(TO_CHAR(SEQ_PRO.NEXTVAL), 7, '0'), TO_DATE('20171010', 'YYYY-MM-DD'), TO_DATE('20171017', 'YYYY-MM-DD'), '萬聖節房屋', '有裝扮就送大南瓜有裝扮就送大南瓜', '', '已下架', 'EM00000002');
INSERT INTO PROMO (PROMO_NO, PROMO_FROM, PROMO_TO, PROMO_NAME, PROMO_CONTENT, PROMO_PHOTO, PROMO_STATE, EMP_NO)
VALUES('PRO'||LPAD(TO_CHAR(SEQ_PRO.NEXTVAL), 7, '0'), TO_DATE('20171018', 'YYYY-MM-DD'), TO_DATE('20171025', 'YYYY-MM-DD'), '聖誕節房屋', '有老人就送麋鹿給你去送禮物', '', '已下架', 'EM00000002');
INSERT INTO PROMO (PROMO_NO, PROMO_FROM, PROMO_TO, PROMO_NAME, PROMO_CONTENT, PROMO_PHOTO, PROMO_STATE, EMP_NO)
VALUES('PRO'||LPAD(TO_CHAR(SEQ_PRO.NEXTVAL), 7, '0'), TO_DATE('20171026', 'YYYY-MM-DD'), TO_DATE('20171102', 'YYYY-MM-DD'), '無修正房屋', '請私，放在已編輯畫面裡面了', '', '已上架', 'EM00000001');
INSERT INTO PROMO (PROMO_NO, PROMO_FROM, PROMO_TO, PROMO_NAME, PROMO_CONTENT, PROMO_PHOTO, PROMO_STATE, EMP_NO)
VALUES('PRO'||LPAD(TO_CHAR(SEQ_PRO.NEXTVAL), 7, '0'), TO_DATE('20171103', 'YYYY-MM-DD'), TO_DATE('20171110', 'YYYY-MM-DD'), '大放送房屋', '有送有送有送有送有送有送有送有送', '', '未上架', 'EM00000003');
INSERT INTO PROMO (PROMO_NO, PROMO_FROM, PROMO_TO, PROMO_NAME, PROMO_CONTENT, PROMO_PHOTO, PROMO_STATE, EMP_NO)
VALUES('PRO'||LPAD(TO_CHAR(SEQ_PRO.NEXTVAL), 7, '0'), TO_DATE('20171111', 'YYYY-MM-DD'), TO_DATE('20171118', 'YYYY-MM-DD'), '年齡未滿房屋', '1819202122來就送折扣', '', '未上架', 'EM00000001');


--優惠卷(尚未建立)---------------------------------------------------------------------------
CREATE SEQUENCE SEQ_COU
INCREMENT BY 1
START WITH 6000
NOMAXVALUE
NOCYCLE
NOCACHE;


INSERT INTO COUPON (CP_NO, CP_FROM, CP_TO, CP_CONTENT, CP_DISCOUNT, CP_STATE, MEM_NO, PROMO_NO)
VALUES('COU'||LPAD(TO_CHAR(SEQ_COU.NEXTVAL), 7, '0'), TO_DATE('20171010', 'YYYY-MM-DD'), TO_DATE('20171017', 'YYYY-MM-DD'), '有裝扮就送大南瓜有裝扮就送大南瓜', '90', '未使用', 'MB00000001', 'PRO0005000');
INSERT INTO COUPON (CP_NO, CP_FROM, CP_TO, CP_CONTENT, CP_DISCOUNT, PDO_NO, CP_STATE, MEM_NO, PROMO_NO)
VALUES('COU'||LPAD(TO_CHAR(SEQ_COU.NEXTVAL), 7, '0'), TO_DATE('20171018', 'YYYY-MM-DD'), TO_DATE('20171025', 'YYYY-MM-DD'), '有老人就送麋鹿給你去送禮物', '90', 'OD00000002', '已使用', 'MB00000002', 'PRO0005001');
INSERT INTO COUPON (CP_NO, CP_FROM, CP_TO, CP_CONTENT, CP_DISCOUNT, PDO_NO, CP_STATE, MEM_NO, PROMO_NO)
VALUES('COU'||LPAD(TO_CHAR(SEQ_COU.NEXTVAL), 7, '0'), TO_DATE('20171026', 'YYYY-MM-DD'), TO_DATE('20171102', 'YYYY-MM-DD'), '請私，放在已編輯畫面裡面了', '90', 'OD00000002', '已使用', 'MB00000003', 'PRO0005002');
INSERT INTO COUPON (CP_NO, CP_FROM, CP_TO, CP_CONTENT, CP_DISCOUNT, CP_STATE, MEM_NO, PROMO_NO)
VALUES('COU'||LPAD(TO_CHAR(SEQ_COU.NEXTVAL), 7, '0'), TO_DATE('20171103', 'YYYY-MM-DD'), TO_DATE('20171110', 'YYYY-MM-DD'), '有送有送有送有送有送有送有送有送', '90', '未使用', 'MB00000002', 'PRO0005003');
INSERT INTO COUPON (CP_NO, CP_FROM, CP_TO, CP_CONTENT, CP_DISCOUNT, CP_STATE, MEM_NO, PROMO_NO)
VALUES('COU'||LPAD(TO_CHAR(SEQ_COU.NEXTVAL), 7, '0'), TO_DATE('20171111', 'YYYY-MM-DD'), TO_DATE('20171118', 'YYYY-MM-DD'), '來就送折扣', '90', '未使用', 'MB00000003', 'PRO0005002');
INSERT INTO COUPON (CP_NO, CP_FROM, CP_TO, CP_CONTENT, CP_DISCOUNT, PDO_NO, CP_STATE, MEM_NO, PROMO_NO)
VALUES('COU'||LPAD(TO_CHAR(SEQ_COU.NEXTVAL), 7, '0'), TO_DATE('20171010', 'YYYY-MM-DD'), TO_DATE('20171017', 'YYYY-MM-DD'), '有裝扮就送大南瓜有裝扮就送大南瓜', '90', 'OD00000001', '已使用', 'MB00000001', 'PRO0005000');
INSERT INTO COUPON (CP_NO, CP_FROM, CP_TO, CP_CONTENT, CP_DISCOUNT, PDO_NO, CP_STATE, MEM_NO, PROMO_NO)
VALUES('COU'||LPAD(TO_CHAR(SEQ_COU.NEXTVAL), 7, '0'), TO_DATE('20171018', 'YYYY-MM-DD'), TO_DATE('20171025', 'YYYY-MM-DD'), '有老人就送麋鹿給你去送禮物', '90', 'OD00000002', '已使用', 'MB00000002', 'PRO0005001');
INSERT INTO COUPON (CP_NO, CP_FROM, CP_TO, CP_CONTENT, CP_DISCOUNT, PDO_NO, CP_STATE, MEM_NO, PROMO_NO)
VALUES('COU'||LPAD(TO_CHAR(SEQ_COU.NEXTVAL), 7, '0'), TO_DATE('20171026', 'YYYY-MM-DD'), TO_DATE('20171102', 'YYYY-MM-DD'), '請私，放在已編輯畫面裡面了', '90', 'OD00000002', '已使用', 'MB00000003', 'PRO0005002');
INSERT INTO COUPON (CP_NO, CP_FROM, CP_TO, CP_CONTENT, CP_DISCOUNT, CP_STATE, MEM_NO, PROMO_NO)
VALUES('COU'||LPAD(TO_CHAR(SEQ_COU.NEXTVAL), 7, '0'), TO_DATE('20171103', 'YYYY-MM-DD'), TO_DATE('20171110', 'YYYY-MM-DD'), '有送有送有送有送有送有送有送有送', '90', '未使用', 'MB00000002', 'PRO0005003');
INSERT INTO COUPON (CP_NO, CP_FROM, CP_TO, CP_CONTENT, CP_DISCOUNT, CP_STATE, MEM_NO, PROMO_NO)
VALUES('COU'||LPAD(TO_CHAR(SEQ_COU.NEXTVAL), 7, '0'), TO_DATE('20171111', 'YYYY-MM-DD'), TO_DATE('20171118', 'YYYY-MM-DD'), '來就送折扣', '90', '未使用', 'MB00000003', 'PRO0005002');


---------------------------------------------------------------------------
COMMIT;


------------------------------------------------------逵----------------------------------

-----預約看屋紀錄-----
CREATE TABLE RESREC (
 RESR_NO             VARCHAR2(15) PRIMARY KEY NOT NULL,
 MEM_NO              VARCHAR2(10) NOT NULL,
 HOUSE_NO            VARCHAR2(100) NOT NULL,
 RTR_NO              VARCHAR2(10) NOT NULL,
 RESR_ORD            TIMESTAMP DEFAULT CURRENT_TIMESTAMP,
 RESR_STATES         VARCHAR2(15) NOT NULL,
 RESR_DATE           DATE,
 RESR_PERIOD         VARCHAR2(12),
 RESR_HPRIC          NUMBER(10,5),
 RESR_HSIZE          NUMBER(10,5),
 RESR_MGT            NUMBER(10,5),
 RESR_PUC            NUMBER(10,5),
 RESR_STR            NUMBER(10,5),
 RESR_WALL           NUMBER(10,5),
 RESR_LTG            NUMBER(10,5),
 RESR_VEN            NUMBER(10,5),
 RESR_TC             NUMBER(10,5),
 RESR_LC             NUMBER(10,5),
 HSE_REV             CLOB,
 MEM_RATE            NUMBER(10,5),
 MEM_REV             VARCHAR2(300),
 RTR_RATE            NUMBER(10,5),
 CONSTRAINT FK_RRHNO FOREIGN KEY (HOUSE_NO) REFERENCES HOUSEINFO(HOUSE_NO),
 CONSTRAINT FK_RRRNO FOREIGN KEY (RTR_NO) REFERENCES REALTOR(RTR_NO),
 CONSTRAINT FK_RRMNO FOREIGN KEY (MEM_NO) REFERENCES MEMBER(MEM_NO)
 );


CREATE SEQUENCE RESR_SEQ;

INSERT INTO RESREC (RESR_NO, MEM_NO, HOUSE_NO, RTR_NO, RESR_STATES, RESR_DATE, RESR_PERIOD)VALUES ('RR'||TO_CHAR(SYSDATE,'RRMMDD')||'-'||(LPAD(TO_CHAR(RESR_SEQ.NEXTVAL),5,'0')),'MB00000003','HSE00000001','RT00000004','ESTABLISH',TO_DATE('2017/11/28','YYYY/MM/DD'),'10:00-12:00');
INSERT INTO RESREC (RESR_NO, MEM_NO, HOUSE_NO, RTR_NO, RESR_STATES, RESR_DATE, RESR_PERIOD)VALUES ('RR'||TO_CHAR(SYSDATE,'RRMMDD')||'-'||(LPAD(TO_CHAR(RESR_SEQ.NEXTVAL),5,'0')),'MB00000002','HSE00000002','RT00000009','ESTABLISH',TO_DATE('2017/11/30','YYYY/MM/DD'),'12:00-14:00');
INSERT INTO RESREC (RESR_NO, MEM_NO, HOUSE_NO, RTR_NO, RESR_STATES, RESR_DATE, RESR_PERIOD)VALUES ('RR'||TO_CHAR(SYSDATE,'RRMMDD')||'-'||(LPAD(TO_CHAR(RESR_SEQ.NEXTVAL),5,'0')),'MB00000001','HSE00000003','RT00000010','ESTABLISH',TO_DATE('2017/11/29','YYYY/MM/DD'),'14:00-16:00');
INSERT INTO RESREC (RESR_NO, MEM_NO, HOUSE_NO, RTR_NO, RESR_STATES, RESR_DATE, RESR_PERIOD)VALUES ('RR'||TO_CHAR(SYSDATE,'RRMMDD')||'-'||(LPAD(TO_CHAR(RESR_SEQ.NEXTVAL),5,'0')),'MB00000004','HSE00000002','RT00000002','ESTABLISH',TO_DATE('2017/12/01','YYYY/MM/DD'),'18:00-20:00');

INSERT INTO RESREC (RESR_NO, MEM_NO, HOUSE_NO, RTR_NO, RESR_STATES, RESR_DATE, RESR_PERIOD)VALUES ('RR'||TO_CHAR(SYSDATE,'RRMMDD')||'-'||(LPAD(TO_CHAR(RESR_SEQ.NEXTVAL),5,'0')),'MB00000003','HSE00000001','RT00000001','ESTABLISH',TO_DATE('2017/11/28','YYYY/MM/DD'),'10:00-12:00');
INSERT INTO RESREC (RESR_NO, MEM_NO, HOUSE_NO, RTR_NO, RESR_STATES, RESR_DATE, RESR_PERIOD)VALUES ('RR'||TO_CHAR(SYSDATE,'RRMMDD')||'-'||(LPAD(TO_CHAR(RESR_SEQ.NEXTVAL),5,'0')),'MB00000002','HSE00000001','RT00000002','ESTABLISH',TO_DATE('2017/11/30','YYYY/MM/DD'),'12:00-14:00');
INSERT INTO RESREC (RESR_NO, MEM_NO, HOUSE_NO, RTR_NO, RESR_STATES, RESR_DATE, RESR_PERIOD)VALUES ('RR'||TO_CHAR(SYSDATE,'RRMMDD')||'-'||(LPAD(TO_CHAR(RESR_SEQ.NEXTVAL),5,'0')),'MB00000001','HSE00000001','RT00000012','ESTABLISH',TO_DATE('2017/11/29','YYYY/MM/DD'),'14:00-16:00');
INSERT INTO RESREC (RESR_NO, MEM_NO, HOUSE_NO, RTR_NO, RESR_STATES, RESR_DATE, RESR_PERIOD)VALUES ('RR'||TO_CHAR(SYSDATE,'RRMMDD')||'-'||(LPAD(TO_CHAR(RESR_SEQ.NEXTVAL),5,'0')),'MB00000004','HSE00000001','RT00000003','ESTABLISH',TO_DATE('2017/12/01','YYYY/MM/DD'),'18:00-20:00');

INSERT INTO RESREC (RESR_NO, MEM_NO, HOUSE_NO, RTR_NO, RESR_STATES, RESR_DATE, RESR_PERIOD)VALUES ('RR'||TO_CHAR(SYSDATE,'RRMMDD')||'-'||(LPAD(TO_CHAR(RESR_SEQ.NEXTVAL),5,'0')),'MB00000003','HSE00000003','RT00000004','ESTABLISH',TO_DATE('2017/12/10','YYYY/MM/DD'),'10:00-12:00');
INSERT INTO RESREC (RESR_NO, MEM_NO, HOUSE_NO, RTR_NO, RESR_STATES, RESR_DATE, RESR_PERIOD)VALUES ('RR'||TO_CHAR(SYSDATE,'RRMMDD')||'-'||(LPAD(TO_CHAR(RESR_SEQ.NEXTVAL),5,'0')),'MB00000002','HSE00000003','RT00000005','ESTABLISH',TO_DATE('2017/12/15','YYYY/MM/DD'),'12:00-14:00');
INSERT INTO RESREC (RESR_NO, MEM_NO, HOUSE_NO, RTR_NO, RESR_STATES, RESR_DATE, RESR_PERIOD)VALUES ('RR'||TO_CHAR(SYSDATE,'RRMMDD')||'-'||(LPAD(TO_CHAR(RESR_SEQ.NEXTVAL),5,'0')),'MB00000001','HSE00000003','RT00000010','ESTABLISH',TO_DATE('2017/11/29','YYYY/MM/DD'),'14:00-16:00');
INSERT INTO RESREC (RESR_NO, MEM_NO, HOUSE_NO, RTR_NO, RESR_STATES, RESR_DATE, RESR_PERIOD)VALUES ('RR'||TO_CHAR(SYSDATE,'RRMMDD')||'-'||(LPAD(TO_CHAR(RESR_SEQ.NEXTVAL),5,'0')),'MB00000004','HSE00000003','RT00000006','ESTABLISH',TO_DATE('2017/12/06','YYYY/MM/DD'),'18:00-20:00');

INSERT INTO RESREC (RESR_NO, MEM_NO, HOUSE_NO, RTR_NO, RESR_STATES, RESR_DATE, RESR_PERIOD)VALUES ('RR'||TO_CHAR(SYSDATE,'RRMMDD')||'-'||(LPAD(TO_CHAR(RESR_SEQ.NEXTVAL),5,'0')),'MB00000003','HSE00000002','RT00000007','ESTABLISH',TO_DATE('2017/12/18','YYYY/MM/DD'),'10:00-12:00');
INSERT INTO RESREC (RESR_NO, MEM_NO, HOUSE_NO, RTR_NO, RESR_STATES, RESR_DATE, RESR_PERIOD)VALUES ('RR'||TO_CHAR(SYSDATE,'RRMMDD')||'-'||(LPAD(TO_CHAR(RESR_SEQ.NEXTVAL),5,'0')),'MB00000002','HSE00000002','RT00000008','ESTABLISH',TO_DATE('2017/12/25','YYYY/MM/DD'),'12:00-14:00');
INSERT INTO RESREC (RESR_NO, MEM_NO, HOUSE_NO, RTR_NO, RESR_STATES, RESR_DATE, RESR_PERIOD)VALUES ('RR'||TO_CHAR(SYSDATE,'RRMMDD')||'-'||(LPAD(TO_CHAR(RESR_SEQ.NEXTVAL),5,'0')),'MB00000001','HSE00000002','RT00000011','ESTABLISH',TO_DATE('2017/12/19','YYYY/MM/DD'),'14:00-16:00');
INSERT INTO RESREC (RESR_NO, MEM_NO, HOUSE_NO, RTR_NO, RESR_STATES, RESR_DATE, RESR_PERIOD)VALUES ('RR'||TO_CHAR(SYSDATE,'RRMMDD')||'-'||(LPAD(TO_CHAR(RESR_SEQ.NEXTVAL),5,'0')),'MB00000004','HSE00000002','RT00000003','ESTABLISH',TO_DATE('2017/12/11','YYYY/MM/DD'),'18:00-20:00');

INSERT INTO RESREC (RESR_NO, MEM_NO, HOUSE_NO, RTR_NO, RESR_STATES, RESR_DATE, RESR_PERIOD)VALUES ('RR'||TO_CHAR(SYSDATE,'RRMMDD')||'-'||(LPAD(TO_CHAR(RESR_SEQ.NEXTVAL),5,'0')),'MB00000003','HSE00000002','RT00000003','ESTABLISH',TO_DATE('2017/12/03','YYYY/MM/DD'),'10:00-12:00');
INSERT INTO RESREC (RESR_NO, MEM_NO, HOUSE_NO, RTR_NO, RESR_STATES, RESR_DATE, RESR_PERIOD)VALUES ('RR'||TO_CHAR(SYSDATE,'RRMMDD')||'-'||(LPAD(TO_CHAR(RESR_SEQ.NEXTVAL),5,'0')),'MB00000002','HSE00000002','RT00000004','ESTABLISH',TO_DATE('2017/12/08','YYYY/MM/DD'),'12:00-14:00');
INSERT INTO RESREC (RESR_NO, MEM_NO, HOUSE_NO, RTR_NO, RESR_STATES, RESR_DATE, RESR_PERIOD)VALUES ('RR'||TO_CHAR(SYSDATE,'RRMMDD')||'-'||(LPAD(TO_CHAR(RESR_SEQ.NEXTVAL),5,'0')),'MB00000001','HSE00000002','RT00000011','ESTABLISH',TO_DATE('2017/12/07','YYYY/MM/DD'),'14:00-16:00');
INSERT INTO RESREC (RESR_NO, MEM_NO, HOUSE_NO, RTR_NO, RESR_STATES, RESR_DATE, RESR_PERIOD)VALUES ('RR'||TO_CHAR(SYSDATE,'RRMMDD')||'-'||(LPAD(TO_CHAR(RESR_SEQ.NEXTVAL),5,'0')),'MB00000004','HSE00000002','RT00000012','ESTABLISH',TO_DATE('2017/12/02','YYYY/MM/DD'),'18:00-20:00');

INSERT INTO RESREC (RESR_NO, MEM_NO, HOUSE_NO, RTR_NO, RESR_STATES, RESR_DATE, RESR_PERIOD)VALUES ('RR'||TO_CHAR(SYSDATE,'RRMMDD')||'-'||(LPAD(TO_CHAR(RESR_SEQ.NEXTVAL),5,'0')),'MB00000003','HSE00000002','RT00000004','ESTABLISH',TO_DATE('2017/12/28','YYYY/MM/DD'),'10:00-12:00');
INSERT INTO RESREC (RESR_NO, MEM_NO, HOUSE_NO, RTR_NO, RESR_STATES, RESR_DATE, RESR_PERIOD)VALUES ('RR'||TO_CHAR(SYSDATE,'RRMMDD')||'-'||(LPAD(TO_CHAR(RESR_SEQ.NEXTVAL),5,'0')),'MB00000002','HSE00000002','RT00000008','ESTABLISH',TO_DATE('2017/12/30','YYYY/MM/DD'),'12:00-14:00');
INSERT INTO RESREC (RESR_NO, MEM_NO, HOUSE_NO, RTR_NO, RESR_STATES, RESR_DATE, RESR_PERIOD)VALUES ('RR'||TO_CHAR(SYSDATE,'RRMMDD')||'-'||(LPAD(TO_CHAR(RESR_SEQ.NEXTVAL),5,'0')),'MB00000001','HSE00000002','RT00000007','ESTABLISH',TO_DATE('2017/12/29','YYYY/MM/DD'),'14:00-16:00');
INSERT INTO RESREC (RESR_NO, MEM_NO, HOUSE_NO, RTR_NO, RESR_STATES, RESR_DATE, RESR_PERIOD)VALUES ('RR'||TO_CHAR(SYSDATE,'RRMMDD')||'-'||(LPAD(TO_CHAR(RESR_SEQ.NEXTVAL),5,'0')),'MB00000004','HSE00000002','RT00000003','ESTABLISH',TO_DATE('2017/12/01','YYYY/MM/DD'),'18:00-20:00');
UPDATE RESREC SET RESR_STATES='CONFIRM',HSE_REV='價格有點小貴，屋齡尚可接受，結論:我覺得可以',MEM_RATE='4',MEM_REV='THIS REALTOR IS GOOD.',RTR_RATE='5' WHERE RESR_NO = 'RR'||TO_CHAR(SYSDATE,'RRMMDD')||'-00001';
UPDATE RESREC SET RESR_STATES='CONFIRM',HSE_REV='超級雷，這什麼房子阿，沒想到房子也有照騙阿，超級失望又浪費時間',MEM_RATE='4',MEM_REV='雖然房子雷，但這房仲不錯，找房可以找他',RTR_RATE='5' WHERE RESR_NO = 'RR'||TO_CHAR(SYSDATE,'RRMMDD')||'-00004';
UPDATE RESREC SET RESR_STATES='CANCEL' WHERE RESR_NO = 'RR'||TO_CHAR(SYSDATE,'RRMMDD')||'-00003';
COMMIT;

-----收藏房屋-----
CREATE TABLE HSECOLL (
 MEM_NO VARCHAR2(10) NOT NULL,
 HOUSE_NO VARCHAR2(100) NOT NULL, 
 CONSTRAINT PK_HSECOLL PRIMARY KEY (HOUSE_NO,MEM_NO),
 CONSTRAINT FK_HSEHNO FOREIGN KEY (HOUSE_NO) REFERENCES HOUSEINFO(HOUSE_NO),
 CONSTRAINT FK_HSEMNO FOREIGN KEY (MEM_NO) REFERENCES MEMBER(MEM_NO)
);

INSERT INTO HSECOLL VALUES('MB00000003','HSE00000001');
INSERT INTO HSECOLL VALUES('MB00000004','HSE00000001');
INSERT INTO HSECOLL VALUES('MB00000002','HSE00000001');
INSERT INTO HSECOLL VALUES('MB00000002','HSE00000002');
INSERT INTO HSECOLL VALUES('MB00000002','HSE00000003');
INSERT INTO HSECOLL VALUES('MB00000001','HSE00000002');
INSERT INTO HSECOLL VALUES('MB00000001','HSE00000003');

COMMIT;


-----休息時間-----
CREATE TABLE BREAKTIME(
 RTR_NO VARCHAR2(10) NOT NULL,
 BRK_DATE DATE NOT NULL,
 BRK_PERIOD VARCHAR2(12) NOT NULL,
 CONSTRAINT FK_BTRNO FOREIGN KEY (RTR_NO) REFERENCES REALTOR (RTR_NO),
 CONSTRAINT PK_BT PRIMARY KEY (RTR_NO,BRK_DATE,BRK_PERIOD)
);

INSERT INTO BREAKTIME VALUES('RT00000001',TO_DATE('2017-12-01','YYYY/MM/DD'),'10:00-13:00');
INSERT INTO BREAKTIME VALUES('RT00000002',TO_DATE('2017-12-02','YYYY/MM/DD'),'14:00-18:00');
INSERT INTO BREAKTIME VALUES('RT00000003',TO_DATE('2017-12-03','YYYY/MM/DD'),'10:00-13:00');
INSERT INTO BREAKTIME VALUES('RT00000004',TO_DATE('2017-12-04','YYYY/MM/DD'),'10:00-13:00');
INSERT INTO BREAKTIME VALUES('RT00000005',TO_DATE('2017-12-05','YYYY/MM/DD'),'12:00-15:00');
INSERT INTO BREAKTIME VALUES('RT00000006',TO_DATE('2017-12-06','YYYY/MM/DD'),'12:00-15:00');
INSERT INTO BREAKTIME VALUES('RT00000007',TO_DATE('2017-12-07','YYYY/MM/DD'),'10:00-13:00');
INSERT INTO BREAKTIME VALUES('RT00000008',TO_DATE('2017-12-08','YYYY/MM/DD'),'14:00-18:00');
INSERT INTO BREAKTIME VALUES('RT00000009',TO_DATE('2017-12-09','YYYY/MM/DD'),'10:00-13:00');
INSERT INTO BREAKTIME VALUES('RT00000010',TO_DATE('2017-12-10','YYYY/MM/DD'),'10:00-13:00');
INSERT INTO BREAKTIME VALUES('RT00000011',TO_DATE('2017-12-11','YYYY/MM/DD'),'12:00-15:00');
INSERT INTO BREAKTIME VALUES('RT00000012',TO_DATE('2017-12-12','YYYY/MM/DD'),'12:00-15:00');
INSERT INTO BREAKTIME VALUES('RT00000001',TO_DATE('2017-12-13','YYYY/MM/DD'),'10:00-13:00');
INSERT INTO BREAKTIME VALUES('RT00000002',TO_DATE('2017-12-14','YYYY/MM/DD'),'14:00-18:00');
INSERT INTO BREAKTIME VALUES('RT00000003',TO_DATE('2017-12-15','YYYY/MM/DD'),'10:00-13:00');
INSERT INTO BREAKTIME VALUES('RT00000004',TO_DATE('2017-12-16','YYYY/MM/DD'),'10:00-13:00');
INSERT INTO BREAKTIME VALUES('RT00000005',TO_DATE('2017-12-17','YYYY/MM/DD'),'12:00-15:00');
INSERT INTO BREAKTIME VALUES('RT00000006',TO_DATE('2017-12-18','YYYY/MM/DD'),'12:00-15:00');
INSERT INTO BREAKTIME VALUES('RT00000007',TO_DATE('2017-12-01','YYYY/MM/DD'),'10:00-13:00');
INSERT INTO BREAKTIME VALUES('RT00000008',TO_DATE('2017-12-02','YYYY/MM/DD'),'14:00-18:00');
INSERT INTO BREAKTIME VALUES('RT00000009',TO_DATE('2017-12-03','YYYY/MM/DD'),'10:00-13:00');
INSERT INTO BREAKTIME VALUES('RT00000010',TO_DATE('2017-12-04','YYYY/MM/DD'),'10:00-13:00');
INSERT INTO BREAKTIME VALUES('RT00000011',TO_DATE('2017-12-05','YYYY/MM/DD'),'12:00-15:00');
INSERT INTO BREAKTIME VALUES('RT00000012',TO_DATE('2017-12-06','YYYY/MM/DD'),'12:00-15:00');
INSERT INTO BREAKTIME VALUES('RT00000001',TO_DATE('2017-12-07','YYYY/MM/DD'),'10:00-13:00');
INSERT INTO BREAKTIME VALUES('RT00000002',TO_DATE('2017-12-08','YYYY/MM/DD'),'14:00-18:00');
INSERT INTO BREAKTIME VALUES('RT00000003',TO_DATE('2017-12-09','YYYY/MM/DD'),'10:00-13:00');
INSERT INTO BREAKTIME VALUES('RT00000004',TO_DATE('2017-12-10','YYYY/MM/DD'),'10:00-13:00');
INSERT INTO BREAKTIME VALUES('RT00000005',TO_DATE('2017-12-11','YYYY/MM/DD'),'12:00-15:00');
INSERT INTO BREAKTIME VALUES('RT00000006',TO_DATE('2017-12-12','YYYY/MM/DD'),'12:00-15:00');
COMMIT;


-----房仲即時訊息-----
CREATE TABLE MRMSG(
 MEM_NO VARCHAR2(10) NOT NULL,
 RTR_NO VARCHAR2(10) NOT NULL,
 MR_MSG CLOB,
 MR_TIME TIMESTAMP DEFAULT CURRENT_TIMESTAMP,
 CONSTRAINT FK_MRMNO FOREIGN KEY (MEM_NO) REFERENCES MEMBER (MEM_NO),
 CONSTRAINT FK_MRRNO FOREIGN KEY (RTR_NO) REFERENCES REALTOR (RTR_NO),
 CONSTRAINT PK_MRMSG PRIMARY KEY (MEM_NO,RTR_NO)
);

INSERT INTO MRMSG(MEM_NO,RTR_NO,MR_MSG) VALUES ('MB00000004','RT00000010','比爾蓋茲:這間房子好像還不錯，請問房仲你可以帶我去看一下嗎?
陳金鋒:當然啦，客官這間房子很熱門喔，這幾天看這間的人很多
比爾蓋茲:是喔!!!那你什麼時候有空呢，我想越快越好
陳金鋒:好的，我看一下，不然我給你看一下我的行事曆看你哪個時間比較適合?
比爾蓋茲: 恩... 那就"11/05 14:00"好了 陳金鋒:OK , 那我們就那天見囉 ^___^');
INSERT INTO MRMSG(MEM_NO,RTR_NO,MR_MSG) VALUES ('MB00000001','RT00000003','賈伯斯:HI 安安，房仲你好啊!! 林志玲:不好意思，我先去洗澡喔!! 林志玲已離線');
INSERT INTO MRMSG(MEM_NO,RTR_NO,MR_MSG) VALUES ('MB00000001','RT00000012','楊美麗:先生您好，我是XX房仲，我看到你正在找房，我這邊正好有不錯的物件，你要不要參考一下啊!! 賈伯斯:不好意思，我先去洗澡喔!! 賈伯斯已離線');
COMMIT;


-----廠商即時訊息-----
CREATE TABLE MSMSG(
 MEM_NO VARCHAR2(10) NOT NULL,
 SLR_NO VARCHAR2(10) NOT NULL,
 MS_MSG CLOB,
 MS_TIME TIMESTAMP DEFAULT CURRENT_TIMESTAMP,
 CONSTRAINT FK_MSMNO FOREIGN KEY (MEM_NO) REFERENCES MEMBER (MEM_NO),
 CONSTRAINT FK_MSSNO FOREIGN KEY (SLR_NO) REFERENCES SELLER (SLR_NO),
 CONSTRAINT PK_MSMSG PRIMARY KEY (MEM_NO,SLR_NO)
);

INSERT INTO MSMSG(MEM_NO,SLR_NO,MS_MSG) VALUES ('MB00000002','SL00000002','喬丹:ㄟ 明天下午來打籃球阿! 歐德傢俱:好啊，球你帶場你佔，不來算輸 喬丹:槓...又遇到鄉民...');
INSERT INTO MSMSG(MEM_NO,SLR_NO,MS_MSG) VALUES ('MB00000003','SL00000004','彼得吳:你們的家具品質好，而且出貨速度超快的，我才剛下單喝杯茶你們就送來了呢，真是迅速 詩肯柚木:謝謝您的鼓勵，我們最近採用了最新的JAVA技術，讓我們即時掌握需求');
INSERT INTO MSMSG(MEM_NO,SLR_NO,MS_MSG) VALUES ('MB00000004','SL00000004','比爾蓋茲:你好啊，想請問一下為什麼我訂得傢俱還沒送來呢?
詩肯柚木:先生對不起阿，您訂的家具太高級了，我們不敢有任何損傷，因此採用最安全的方式搬運家具，大概在3個月即可看到我們的工人搬到那了，在這期間請敬請等候');
UPDATE MSMSG SET MS_MSG='喬丹:ㄟ 明天下午來打籃球阿! 歐德傢俱:好啊，球你帶場你佔，不來算輸 喬丹:槓...又遇到鄉民...崩潰',MS_TIME=TO_TIMESTAMP('2017-11-02 10:12:30','YYYY/MM/DD HH:MI:SS') WHERE MEM_NO ='MB00000002' AND SLR_NO = 'SL00000002';
COMMIT;
